case,configuration,requested_config,resolved_config,threads,phase,sample,seconds,sampled_peak_rss_bytes,sampled_peak_threads,codestream_bytes,effective_bpp
gradient,full-width,p=unrestricted;rate=4;bw=20;fq=8;cpih=none;cw=0;nly=2,p=unrestricted;l=4k-1;s=sublev6bpp;size=4147200;cpih=none;fq=8;,1,encode,1,1.1992963748052716,132579328,1,4147200,4.0
gradient,full-width,p=unrestricted;rate=4;bw=20;fq=8;cpih=none;cw=0;nly=2,p=unrestricted;l=4k-1;s=sublev6bpp;size=4147200;cpih=none;fq=8;,1,encode,2,1.1973641249351203,132546560,1,4147200,4.0
gradient,full-width,p=unrestricted;rate=4;bw=20;fq=8;cpih=none;cw=0;nly=2,p=unrestricted;l=4k-1;s=sublev6bpp;size=4147200;cpih=none;fq=8;,1,encode,3,1.3447863331530243,132546560,1,4147200,4.0
gradient,full-width,p=unrestricted;rate=4;bw=20;fq=8;cpih=none;cw=0;nly=2,p=unrestricted;l=4k-1;s=sublev6bpp;size=4147200;cpih=none;fq=8;,1,encode,4,1.2854288751259446,132530176,1,4147200,4.0
gradient,full-width,p=unrestricted;rate=4;bw=20;fq=8;cpih=none;cw=0;nly=2,p=unrestricted;l=4k-1;s=sublev6bpp;size=4147200;cpih=none;fq=8;,1,encode,5,1.3039932500105351,132546560,1,4147200,4.0
gradient,full-width,p=unrestricted;rate=4;bw=20;fq=8;cpih=none;cw=0;nly=2,p=unrestricted;l=4k-1;s=sublev6bpp;size=4147200;cpih=none;fq=8;,1,encode,6,1.218289083102718,132513792,1,4147200,4.0
gradient,full-width,p=unrestricted;rate=4;bw=20;fq=8;cpih=none;cw=0;nly=2,p=unrestricted;l=4k-1;s=sublev6bpp;size=4147200;cpih=none;fq=8;,1,encode,7,1.272302458062768,132562944,1,4147200,4.0
gradient,full-width,p=unrestricted;rate=4;bw=20;fq=8;cpih=none;cw=0;nly=2,p=unrestricted;l=4k-1;s=sublev6bpp;size=4147200;cpih=none;fq=8;,1,encode,8,1.2505479999817908,132562944,1,4147200,4.0
gradient,full-width,p=unrestricted;rate=4;bw=20;fq=8;cpih=none;cw=0;nly=2,p=unrestricted;l=4k-1;s=sublev6bpp;size=4147200;cpih=none;fq=8;,1,encode,9,1.1929111250210553,132579328,1,4147200,4.0
gradient,full-width,p=unrestricted;rate=4;bw=20;fq=8;cpih=none;cw=0;nly=2,p=unrestricted;l=4k-1;s=sublev6bpp;size=4147200;cpih=none;fq=8;,1,encode,10,1.1867579168174416,132579328,1,4147200,4.0
gradient,full-width,p=unrestricted;rate=4;bw=20;fq=8;cpih=none;cw=0;nly=2,p=unrestricted;l=4k-1;s=sublev6bpp;size=4147200;cpih=none;fq=8;,1,decode,1,0.8650006249081343,106348544,1,4147200,4.0
gradient,full-width,p=unrestricted;rate=4;bw=20;fq=8;cpih=none;cw=0;nly=2,p=unrestricted;l=4k-1;s=sublev6bpp;size=4147200;cpih=none;fq=8;,1,decode,2,1.024441166082397,106348544,1,4147200,4.0
gradient,full-width,p=unrestricted;rate=4;bw=20;fq=8;cpih=none;cw=0;nly=2,p=unrestricted;l=4k-1;s=sublev6bpp;size=4147200;cpih=none;fq=8;,1,decode,3,0.9341405001468956,106348544,1,4147200,4.0
gradient,full-width,p=unrestricted;rate=4;bw=20;fq=8;cpih=none;cw=0;nly=2,p=unrestricted;l=4k-1;s=sublev6bpp;size=4147200;cpih=none;fq=8;,1,decode,4,0.7877464580815285,106364928,1,4147200,4.0
gradient,full-width,p=unrestricted;rate=4;bw=20;fq=8;cpih=none;cw=0;nly=2,p=unrestricted;l=4k-1;s=sublev6bpp;size=4147200;cpih=none;fq=8;,1,decode,5,0.7793190840166062,106332160,1,4147200,4.0
gradient,full-width,p=unrestricted;rate=4;bw=20;fq=8;cpih=none;cw=0;nly=2,p=unrestricted;l=4k-1;s=sublev6bpp;size=4147200;cpih=none;fq=8;,1,decode,6,0.7824889591429383,106348544,1,4147200,4.0
gradient,full-width,p=unrestricted;rate=4;bw=20;fq=8;cpih=none;cw=0;nly=2,p=unrestricted;l=4k-1;s=sublev6bpp;size=4147200;cpih=none;fq=8;,1,decode,7,0.7750672921538353,106364928,1,4147200,4.0
gradient,full-width,p=unrestricted;rate=4;bw=20;fq=8;cpih=none;cw=0;nly=2,p=unrestricted;l=4k-1;s=sublev6bpp;size=4147200;cpih=none;fq=8;,1,decode,8,0.7816642089746892,106332160,1,4147200,4.0
gradient,full-width,p=unrestricted;rate=4;bw=20;fq=8;cpih=none;cw=0;nly=2,p=unrestricted;l=4k-1;s=sublev6bpp;size=4147200;cpih=none;fq=8;,1,decode,9,0.8234197080601007,106364928,1,4147200,4.0
gradient,full-width,p=unrestricted;rate=4;bw=20;fq=8;cpih=none;cw=0;nly=2,p=unrestricted;l=4k-1;s=sublev6bpp;size=4147200;cpih=none;fq=8;,1,decode,10,0.773123332997784,106348544,1,4147200,4.0
gradient,full-width,p=unrestricted;rate=4;bw=20;fq=8;cpih=none;cw=0;nly=2,p=unrestricted;l=4k-1;s=sublev6bpp;size=4147200;cpih=none;fq=8;,2,encode,1,1.1368519579991698,132562944,2,4147200,4.0
gradient,full-width,p=unrestricted;rate=4;bw=20;fq=8;cpih=none;cw=0;nly=2,p=unrestricted;l=4k-1;s=sublev6bpp;size=4147200;cpih=none;fq=8;,2,encode,2,1.1079265840817243,132562944,2,4147200,4.0
gradient,full-width,p=unrestricted;rate=4;bw=20;fq=8;cpih=none;cw=0;nly=2,p=unrestricted;l=4k-1;s=sublev6bpp;size=4147200;cpih=none;fq=8;,2,encode,3,1.1099192078690976,132562944,2,4147200,4.0
gradient,full-width,p=unrestricted;rate=4;bw=20;fq=8;cpih=none;cw=0;nly=2,p=unrestricted;l=4k-1;s=sublev6bpp;size=4147200;cpih=none;fq=8;,2,encode,4,1.1153468331322074,132612096,2,4147200,4.0
gradient,full-width,p=unrestricted;rate=4;bw=20;fq=8;cpih=none;cw=0;nly=2,p=unrestricted;l=4k-1;s=sublev6bpp;size=4147200;cpih=none;fq=8;,2,encode,5,1.1088218330405653,132644864,2,4147200,4.0
gradient,full-width,p=unrestricted;rate=4;bw=20;fq=8;cpih=none;cw=0;nly=2,p=unrestricted;l=4k-1;s=sublev6bpp;size=4147200;cpih=none;fq=8;,2,encode,6,1.1106450830120593,132595712,2,4147200,4.0
gradient,full-width,p=unrestricted;rate=4;bw=20;fq=8;cpih=none;cw=0;nly=2,p=unrestricted;l=4k-1;s=sublev6bpp;size=4147200;cpih=none;fq=8;,2,encode,7,1.1087690838612616,132595712,2,4147200,4.0
gradient,full-width,p=unrestricted;rate=4;bw=20;fq=8;cpih=none;cw=0;nly=2,p=unrestricted;l=4k-1;s=sublev6bpp;size=4147200;cpih=none;fq=8;,2,encode,8,1.1088077500462532,132612096,2,4147200,4.0
gradient,full-width,p=unrestricted;rate=4;bw=20;fq=8;cpih=none;cw=0;nly=2,p=unrestricted;l=4k-1;s=sublev6bpp;size=4147200;cpih=none;fq=8;,2,encode,9,1.1096050410997123,132562944,2,4147200,4.0
gradient,full-width,p=unrestricted;rate=4;bw=20;fq=8;cpih=none;cw=0;nly=2,p=unrestricted;l=4k-1;s=sublev6bpp;size=4147200;cpih=none;fq=8;,2,encode,10,1.1087492499500513,132579328,2,4147200,4.0
gradient,full-width,p=unrestricted;rate=4;bw=20;fq=8;cpih=none;cw=0;nly=2,p=unrestricted;l=4k-1;s=sublev6bpp;size=4147200;cpih=none;fq=8;,2,decode,1,0.7043642080388963,106446848,2,4147200,4.0
gradient,full-width,p=unrestricted;rate=4;bw=20;fq=8;cpih=none;cw=0;nly=2,p=unrestricted;l=4k-1;s=sublev6bpp;size=4147200;cpih=none;fq=8;,2,decode,2,0.6958577500190586,106430464,2,4147200,4.0
gradient,full-width,p=unrestricted;rate=4;bw=20;fq=8;cpih=none;cw=0;nly=2,p=unrestricted;l=4k-1;s=sublev6bpp;size=4147200;cpih=none;fq=8;,2,decode,3,0.6966850419994444,106430464,2,4147200,4.0
gradient,full-width,p=unrestricted;rate=4;bw=20;fq=8;cpih=none;cw=0;nly=2,p=unrestricted;l=4k-1;s=sublev6bpp;size=4147200;cpih=none;fq=8;,2,decode,4,0.6964769170153886,106430464,2,4147200,4.0
gradient,full-width,p=unrestricted;rate=4;bw=20;fq=8;cpih=none;cw=0;nly=2,p=unrestricted;l=4k-1;s=sublev6bpp;size=4147200;cpih=none;fq=8;,2,decode,5,0.7228447911329567,106479616,2,4147200,4.0
gradient,full-width,p=unrestricted;rate=4;bw=20;fq=8;cpih=none;cw=0;nly=2,p=unrestricted;l=4k-1;s=sublev6bpp;size=4147200;cpih=none;fq=8;,2,decode,6,0.7015350419096649,106430464,2,4147200,4.0
gradient,full-width,p=unrestricted;rate=4;bw=20;fq=8;cpih=none;cw=0;nly=2,p=unrestricted;l=4k-1;s=sublev6bpp;size=4147200;cpih=none;fq=8;,2,decode,7,0.7010203748941422,106430464,2,4147200,4.0
gradient,full-width,p=unrestricted;rate=4;bw=20;fq=8;cpih=none;cw=0;nly=2,p=unrestricted;l=4k-1;s=sublev6bpp;size=4147200;cpih=none;fq=8;,2,decode,8,0.7024512919597328,106430464,2,4147200,4.0
gradient,full-width,p=unrestricted;rate=4;bw=20;fq=8;cpih=none;cw=0;nly=2,p=unrestricted;l=4k-1;s=sublev6bpp;size=4147200;cpih=none;fq=8;,2,decode,9,0.7319534169510007,106414080,2,4147200,4.0
gradient,full-width,p=unrestricted;rate=4;bw=20;fq=8;cpih=none;cw=0;nly=2,p=unrestricted;l=4k-1;s=sublev6bpp;size=4147200;cpih=none;fq=8;,2,decode,10,0.6936264580581337,106430464,2,4147200,4.0
gradient,full-width,p=unrestricted;rate=4;bw=20;fq=8;cpih=none;cw=0;nly=2,p=unrestricted;l=4k-1;s=sublev6bpp;size=4147200;cpih=none;fq=8;,4,encode,1,1.0760311661288142,132612096,4,4147200,4.0
gradient,full-width,p=unrestricted;rate=4;bw=20;fq=8;cpih=none;cw=0;nly=2,p=unrestricted;l=4k-1;s=sublev6bpp;size=4147200;cpih=none;fq=8;,4,encode,2,1.074211125029251,132677632,4,4147200,4.0
gradient,full-width,p=unrestricted;rate=4;bw=20;fq=8;cpih=none;cw=0;nly=2,p=unrestricted;l=4k-1;s=sublev6bpp;size=4147200;cpih=none;fq=8;,4,encode,3,1.0847501668613404,132628480,4,4147200,4.0
gradient,full-width,p=unrestricted;rate=4;bw=20;fq=8;cpih=none;cw=0;nly=2,p=unrestricted;l=4k-1;s=sublev6bpp;size=4147200;cpih=none;fq=8;,4,encode,4,1.0774782500229776,132612096,4,4147200,4.0
gradient,full-width,p=unrestricted;rate=4;bw=20;fq=8;cpih=none;cw=0;nly=2,p=unrestricted;l=4k-1;s=sublev6bpp;size=4147200;cpih=none;fq=8;,4,encode,5,1.1037350418046117,132628480,4,4147200,4.0
gradient,full-width,p=unrestricted;rate=4;bw=20;fq=8;cpih=none;cw=0;nly=2,p=unrestricted;l=4k-1;s=sublev6bpp;size=4147200;cpih=none;fq=8;,4,encode,6,1.072190250037238,132612096,4,4147200,4.0
gradient,full-width,p=unrestricted;rate=4;bw=20;fq=8;cpih=none;cw=0;nly=2,p=unrestricted;l=4k-1;s=sublev6bpp;size=4147200;cpih=none;fq=8;,4,encode,7,1.0757604998070747,132644864,4,4147200,4.0
gradient,full-width,p=unrestricted;rate=4;bw=20;fq=8;cpih=none;cw=0;nly=2,p=unrestricted;l=4k-1;s=sublev6bpp;size=4147200;cpih=none;fq=8;,4,encode,8,1.0862094580661505,132710400,4,4147200,4.0
gradient,full-width,p=unrestricted;rate=4;bw=20;fq=8;cpih=none;cw=0;nly=2,p=unrestricted;l=4k-1;s=sublev6bpp;size=4147200;cpih=none;fq=8;,4,encode,9,1.0735097920987755,132644864,4,4147200,4.0
gradient,full-width,p=unrestricted;rate=4;bw=20;fq=8;cpih=none;cw=0;nly=2,p=unrestricted;l=4k-1;s=sublev6bpp;size=4147200;cpih=none;fq=8;,4,encode,10,1.0761035000905395,132661248,4,4147200,4.0
gradient,full-width,p=unrestricted;rate=4;bw=20;fq=8;cpih=none;cw=0;nly=2,p=unrestricted;l=4k-1;s=sublev6bpp;size=4147200;cpih=none;fq=8;,4,decode,1,0.6642934998963028,106512384,4,4147200,4.0
gradient,full-width,p=unrestricted;rate=4;bw=20;fq=8;cpih=none;cw=0;nly=2,p=unrestricted;l=4k-1;s=sublev6bpp;size=4147200;cpih=none;fq=8;,4,decode,2,0.6586505000013858,106512384,4,4147200,4.0
gradient,full-width,p=unrestricted;rate=4;bw=20;fq=8;cpih=none;cw=0;nly=2,p=unrestricted;l=4k-1;s=sublev6bpp;size=4147200;cpih=none;fq=8;,4,decode,3,0.6736012501642108,106463232,4,4147200,4.0
gradient,full-width,p=unrestricted;rate=4;bw=20;fq=8;cpih=none;cw=0;nly=2,p=unrestricted;l=4k-1;s=sublev6bpp;size=4147200;cpih=none;fq=8;,4,decode,4,0.6821877919137478,106463232,4,4147200,4.0
gradient,full-width,p=unrestricted;rate=4;bw=20;fq=8;cpih=none;cw=0;nly=2,p=unrestricted;l=4k-1;s=sublev6bpp;size=4147200;cpih=none;fq=8;,4,decode,5,0.688265125034377,106496000,4,4147200,4.0
gradient,full-width,p=unrestricted;rate=4;bw=20;fq=8;cpih=none;cw=0;nly=2,p=unrestricted;l=4k-1;s=sublev6bpp;size=4147200;cpih=none;fq=8;,4,decode,6,0.671253832988441,106512384,4,4147200,4.0
gradient,full-width,p=unrestricted;rate=4;bw=20;fq=8;cpih=none;cw=0;nly=2,p=unrestricted;l=4k-1;s=sublev6bpp;size=4147200;cpih=none;fq=8;,4,decode,7,0.6770440000109375,106496000,4,4147200,4.0
gradient,full-width,p=unrestricted;rate=4;bw=20;fq=8;cpih=none;cw=0;nly=2,p=unrestricted;l=4k-1;s=sublev6bpp;size=4147200;cpih=none;fq=8;,4,decode,8,0.661942790960893,106512384,4,4147200,4.0
gradient,full-width,p=unrestricted;rate=4;bw=20;fq=8;cpih=none;cw=0;nly=2,p=unrestricted;l=4k-1;s=sublev6bpp;size=4147200;cpih=none;fq=8;,4,decode,9,0.7270299580413848,106512384,4,4147200,4.0
gradient,full-width,p=unrestricted;rate=4;bw=20;fq=8;cpih=none;cw=0;nly=2,p=unrestricted;l=4k-1;s=sublev6bpp;size=4147200;cpih=none;fq=8;,4,decode,10,0.6618132919538766,106479616,4,4147200,4.0
gradient,full-width,p=unrestricted;rate=4;bw=20;fq=8;cpih=none;cw=0;nly=2,p=unrestricted;l=4k-1;s=sublev6bpp;size=4147200;cpih=none;fq=8;,8,encode,1,1.0663723750039935,132825088,8,4147200,4.0
gradient,full-width,p=unrestricted;rate=4;bw=20;fq=8;cpih=none;cw=0;nly=2,p=unrestricted;l=4k-1;s=sublev6bpp;size=4147200;cpih=none;fq=8;,8,encode,2,1.0679639170411974,132825088,8,4147200,4.0
gradient,full-width,p=unrestricted;rate=4;bw=20;fq=8;cpih=none;cw=0;nly=2,p=unrestricted;l=4k-1;s=sublev6bpp;size=4147200;cpih=none;fq=8;,8,encode,3,1.0685546251479536,132775936,8,4147200,4.0
gradient,full-width,p=unrestricted;rate=4;bw=20;fq=8;cpih=none;cw=0;nly=2,p=unrestricted;l=4k-1;s=sublev6bpp;size=4147200;cpih=none;fq=8;,8,encode,4,1.0679185001645237,132792320,8,4147200,4.0
gradient,full-width,p=unrestricted;rate=4;bw=20;fq=8;cpih=none;cw=0;nly=2,p=unrestricted;l=4k-1;s=sublev6bpp;size=4147200;cpih=none;fq=8;,8,encode,5,1.0902254581451416,132841472,8,4147200,4.0
gradient,full-width,p=unrestricted;rate=4;bw=20;fq=8;cpih=none;cw=0;nly=2,p=unrestricted;l=4k-1;s=sublev6bpp;size=4147200;cpih=none;fq=8;,8,encode,6,2.0205754169728607,132841472,8,4147200,4.0
gradient,full-width,p=unrestricted;rate=4;bw=20;fq=8;cpih=none;cw=0;nly=2,p=unrestricted;l=4k-1;s=sublev6bpp;size=4147200;cpih=none;fq=8;,8,encode,7,1.075890083098784,132792320,8,4147200,4.0
gradient,full-width,p=unrestricted;rate=4;bw=20;fq=8;cpih=none;cw=0;nly=2,p=unrestricted;l=4k-1;s=sublev6bpp;size=4147200;cpih=none;fq=8;,8,encode,8,1.076264041941613,132825088,8,4147200,4.0
gradient,full-width,p=unrestricted;rate=4;bw=20;fq=8;cpih=none;cw=0;nly=2,p=unrestricted;l=4k-1;s=sublev6bpp;size=4147200;cpih=none;fq=8;,8,encode,9,1.068827083799988,132808704,8,4147200,4.0
gradient,full-width,p=unrestricted;rate=4;bw=20;fq=8;cpih=none;cw=0;nly=2,p=unrestricted;l=4k-1;s=sublev6bpp;size=4147200;cpih=none;fq=8;,8,encode,10,1.0779348749201745,132841472,8,4147200,4.0
gradient,full-width,p=unrestricted;rate=4;bw=20;fq=8;cpih=none;cw=0;nly=2,p=unrestricted;l=4k-1;s=sublev6bpp;size=4147200;cpih=none;fq=8;,8,decode,1,0.6951180000323802,106692608,8,4147200,4.0
gradient,full-width,p=unrestricted;rate=4;bw=20;fq=8;cpih=none;cw=0;nly=2,p=unrestricted;l=4k-1;s=sublev6bpp;size=4147200;cpih=none;fq=8;,8,decode,2,0.650662750005722,106676224,8,4147200,4.0
gradient,full-width,p=unrestricted;rate=4;bw=20;fq=8;cpih=none;cw=0;nly=2,p=unrestricted;l=4k-1;s=sublev6bpp;size=4147200;cpih=none;fq=8;,8,decode,3,0.6573440420906991,106676224,8,4147200,4.0
gradient,full-width,p=unrestricted;rate=4;bw=20;fq=8;cpih=none;cw=0;nly=2,p=unrestricted;l=4k-1;s=sublev6bpp;size=4147200;cpih=none;fq=8;,8,decode,4,0.6503160421270877,106676224,8,4147200,4.0
gradient,full-width,p=unrestricted;rate=4;bw=20;fq=8;cpih=none;cw=0;nly=2,p=unrestricted;l=4k-1;s=sublev6bpp;size=4147200;cpih=none;fq=8;,8,decode,5,0.6578553330618888,106659840,8,4147200,4.0
gradient,full-width,p=unrestricted;rate=4;bw=20;fq=8;cpih=none;cw=0;nly=2,p=unrestricted;l=4k-1;s=sublev6bpp;size=4147200;cpih=none;fq=8;,8,decode,6,0.6531949590425938,106676224,8,4147200,4.0
gradient,full-width,p=unrestricted;rate=4;bw=20;fq=8;cpih=none;cw=0;nly=2,p=unrestricted;l=4k-1;s=sublev6bpp;size=4147200;cpih=none;fq=8;,8,decode,7,0.6571979590225965,106676224,8,4147200,4.0
gradient,full-width,p=unrestricted;rate=4;bw=20;fq=8;cpih=none;cw=0;nly=2,p=unrestricted;l=4k-1;s=sublev6bpp;size=4147200;cpih=none;fq=8;,8,decode,8,0.656834667082876,106676224,8,4147200,4.0
gradient,full-width,p=unrestricted;rate=4;bw=20;fq=8;cpih=none;cw=0;nly=2,p=unrestricted;l=4k-1;s=sublev6bpp;size=4147200;cpih=none;fq=8;,8,decode,9,0.654240959091112,106659840,8,4147200,4.0
gradient,full-width,p=unrestricted;rate=4;bw=20;fq=8;cpih=none;cw=0;nly=2,p=unrestricted;l=4k-1;s=sublev6bpp;size=4147200;cpih=none;fq=8;,8,decode,10,0.6507608750835061,106659840,8,4147200,4.0
gradient,columns,p=unrestricted;rate=4;bw=20;fq=8;cpih=none;cw=4;nly=1,p=unrestricted;l=4k-1;s=sublev6bpp;size=4147200;cpih=none;cw=4;fq=8;nly=1;,1,encode,1,1.4619942919816822,132317184,1,4147200,4.0
gradient,columns,p=unrestricted;rate=4;bw=20;fq=8;cpih=none;cw=4;nly=1,p=unrestricted;l=4k-1;s=sublev6bpp;size=4147200;cpih=none;cw=4;fq=8;nly=1;,1,encode,2,1.4640981671400368,132349952,1,4147200,4.0
gradient,columns,p=unrestricted;rate=4;bw=20;fq=8;cpih=none;cw=4;nly=1,p=unrestricted;l=4k-1;s=sublev6bpp;size=4147200;cpih=none;cw=4;fq=8;nly=1;,1,encode,3,1.4679385419003665,132349952,1,4147200,4.0
gradient,columns,p=unrestricted;rate=4;bw=20;fq=8;cpih=none;cw=4;nly=1,p=unrestricted;l=4k-1;s=sublev6bpp;size=4147200;cpih=none;cw=4;fq=8;nly=1;,1,encode,4,1.4639791250228882,132333568,1,4147200,4.0
gradient,columns,p=unrestricted;rate=4;bw=20;fq=8;cpih=none;cw=4;nly=1,p=unrestricted;l=4k-1;s=sublev6bpp;size=4147200;cpih=none;cw=4;fq=8;nly=1;,1,encode,5,1.461492249974981,132317184,1,4147200,4.0
gradient,columns,p=unrestricted;rate=4;bw=20;fq=8;cpih=none;cw=4;nly=1,p=unrestricted;l=4k-1;s=sublev6bpp;size=4147200;cpih=none;cw=4;fq=8;nly=1;,1,encode,6,1.4818708328530192,132284416,1,4147200,4.0
gradient,columns,p=unrestricted;rate=4;bw=20;fq=8;cpih=none;cw=4;nly=1,p=unrestricted;l=4k-1;s=sublev6bpp;size=4147200;cpih=none;cw=4;fq=8;nly=1;,1,encode,7,1.4667241659481078,132300800,1,4147200,4.0
gradient,columns,p=unrestricted;rate=4;bw=20;fq=8;cpih=none;cw=4;nly=1,p=unrestricted;l=4k-1;s=sublev6bpp;size=4147200;cpih=none;cw=4;fq=8;nly=1;,1,encode,8,1.4604855829384178,132268032,1,4147200,4.0
gradient,columns,p=unrestricted;rate=4;bw=20;fq=8;cpih=none;cw=4;nly=1,p=unrestricted;l=4k-1;s=sublev6bpp;size=4147200;cpih=none;cw=4;fq=8;nly=1;,1,encode,9,1.465068040881306,132349952,1,4147200,4.0
gradient,columns,p=unrestricted;rate=4;bw=20;fq=8;cpih=none;cw=4;nly=1,p=unrestricted;l=4k-1;s=sublev6bpp;size=4147200;cpih=none;cw=4;fq=8;nly=1;,1,encode,10,1.4677375839091837,132284416,1,4147200,4.0
gradient,columns,p=unrestricted;rate=4;bw=20;fq=8;cpih=none;cw=4;nly=1,p=unrestricted;l=4k-1;s=sublev6bpp;size=4147200;cpih=none;cw=4;fq=8;nly=1;,1,decode,1,0.7543488750234246,106283008,1,4147200,4.0
gradient,columns,p=unrestricted;rate=4;bw=20;fq=8;cpih=none;cw=4;nly=1,p=unrestricted;l=4k-1;s=sublev6bpp;size=4147200;cpih=none;cw=4;fq=8;nly=1;,1,decode,2,0.7592109169345349,106266624,1,4147200,4.0
gradient,columns,p=unrestricted;rate=4;bw=20;fq=8;cpih=none;cw=4;nly=1,p=unrestricted;l=4k-1;s=sublev6bpp;size=4147200;cpih=none;cw=4;fq=8;nly=1;,1,decode,3,0.749824000056833,106283008,1,4147200,4.0
gradient,columns,p=unrestricted;rate=4;bw=20;fq=8;cpih=none;cw=4;nly=1,p=unrestricted;l=4k-1;s=sublev6bpp;size=4147200;cpih=none;cw=4;fq=8;nly=1;,1,decode,4,0.7531172919552773,106250240,1,4147200,4.0
gradient,columns,p=unrestricted;rate=4;bw=20;fq=8;cpih=none;cw=4;nly=1,p=unrestricted;l=4k-1;s=sublev6bpp;size=4147200;cpih=none;cw=4;fq=8;nly=1;,1,decode,5,0.7520546249579638,106250240,1,4147200,4.0
gradient,columns,p=unrestricted;rate=4;bw=20;fq=8;cpih=none;cw=4;nly=1,p=unrestricted;l=4k-1;s=sublev6bpp;size=4147200;cpih=none;cw=4;fq=8;nly=1;,1,decode,6,0.7487978329882026,106250240,1,4147200,4.0
gradient,columns,p=unrestricted;rate=4;bw=20;fq=8;cpih=none;cw=4;nly=1,p=unrestricted;l=4k-1;s=sublev6bpp;size=4147200;cpih=none;cw=4;fq=8;nly=1;,1,decode,7,0.7484303331002593,106250240,1,4147200,4.0
gradient,columns,p=unrestricted;rate=4;bw=20;fq=8;cpih=none;cw=4;nly=1,p=unrestricted;l=4k-1;s=sublev6bpp;size=4147200;cpih=none;cw=4;fq=8;nly=1;,1,decode,8,0.7515374580398202,106315776,1,4147200,4.0
gradient,columns,p=unrestricted;rate=4;bw=20;fq=8;cpih=none;cw=4;nly=1,p=unrestricted;l=4k-1;s=sublev6bpp;size=4147200;cpih=none;cw=4;fq=8;nly=1;,1,decode,9,0.7648091670125723,106250240,1,4147200,4.0
gradient,columns,p=unrestricted;rate=4;bw=20;fq=8;cpih=none;cw=4;nly=1,p=unrestricted;l=4k-1;s=sublev6bpp;size=4147200;cpih=none;cw=4;fq=8;nly=1;,1,decode,10,0.7488064581993967,106266624,1,4147200,4.0
gradient,columns,p=unrestricted;rate=4;bw=20;fq=8;cpih=none;cw=4;nly=1,p=unrestricted;l=4k-1;s=sublev6bpp;size=4147200;cpih=none;cw=4;fq=8;nly=1;,2,encode,1,0.9161904999054968,132349952,2,4147200,4.0
gradient,columns,p=unrestricted;rate=4;bw=20;fq=8;cpih=none;cw=4;nly=1,p=unrestricted;l=4k-1;s=sublev6bpp;size=4147200;cpih=none;cw=4;fq=8;nly=1;,2,encode,2,0.9395290422253311,132399104,2,4147200,4.0
gradient,columns,p=unrestricted;rate=4;bw=20;fq=8;cpih=none;cw=4;nly=1,p=unrestricted;l=4k-1;s=sublev6bpp;size=4147200;cpih=none;cw=4;fq=8;nly=1;,2,encode,3,0.9371231668628752,132431872,2,4147200,4.0
gradient,columns,p=unrestricted;rate=4;bw=20;fq=8;cpih=none;cw=4;nly=1,p=unrestricted;l=4k-1;s=sublev6bpp;size=4147200;cpih=none;cw=4;fq=8;nly=1;,2,encode,4,0.9406390408985317,132415488,2,4147200,4.0
gradient,columns,p=unrestricted;rate=4;bw=20;fq=8;cpih=none;cw=4;nly=1,p=unrestricted;l=4k-1;s=sublev6bpp;size=4147200;cpih=none;cw=4;fq=8;nly=1;,2,encode,5,0.9459136668592691,132399104,2,4147200,4.0
gradient,columns,p=unrestricted;rate=4;bw=20;fq=8;cpih=none;cw=4;nly=1,p=unrestricted;l=4k-1;s=sublev6bpp;size=4147200;cpih=none;cw=4;fq=8;nly=1;,2,encode,6,0.9370413329452276,132399104,2,4147200,4.0
gradient,columns,p=unrestricted;rate=4;bw=20;fq=8;cpih=none;cw=4;nly=1,p=unrestricted;l=4k-1;s=sublev6bpp;size=4147200;cpih=none;cw=4;fq=8;nly=1;,2,encode,7,0.9267950840294361,132415488,2,4147200,4.0
gradient,columns,p=unrestricted;rate=4;bw=20;fq=8;cpih=none;cw=4;nly=1,p=unrestricted;l=4k-1;s=sublev6bpp;size=4147200;cpih=none;cw=4;fq=8;nly=1;,2,encode,8,0.9015237088315189,132399104,2,4147200,4.0
gradient,columns,p=unrestricted;rate=4;bw=20;fq=8;cpih=none;cw=4;nly=1,p=unrestricted;l=4k-1;s=sublev6bpp;size=4147200;cpih=none;cw=4;fq=8;nly=1;,2,encode,9,0.8909700829535723,132399104,2,4147200,4.0
gradient,columns,p=unrestricted;rate=4;bw=20;fq=8;cpih=none;cw=4;nly=1,p=unrestricted;l=4k-1;s=sublev6bpp;size=4147200;cpih=none;cw=4;fq=8;nly=1;,2,encode,10,0.8657829579897225,132415488,2,4147200,4.0
gradient,columns,p=unrestricted;rate=4;bw=20;fq=8;cpih=none;cw=4;nly=1,p=unrestricted;l=4k-1;s=sublev6bpp;size=4147200;cpih=none;cw=4;fq=8;nly=1;,2,decode,1,0.68858154094778,106315776,2,4147200,4.0
gradient,columns,p=unrestricted;rate=4;bw=20;fq=8;cpih=none;cw=4;nly=1,p=unrestricted;l=4k-1;s=sublev6bpp;size=4147200;cpih=none;cw=4;fq=8;nly=1;,2,decode,2,0.6941665839403868,106348544,2,4147200,4.0
gradient,columns,p=unrestricted;rate=4;bw=20;fq=8;cpih=none;cw=4;nly=1,p=unrestricted;l=4k-1;s=sublev6bpp;size=4147200;cpih=none;cw=4;fq=8;nly=1;,2,decode,3,0.7196125842165202,106315776,2,4147200,4.0
gradient,columns,p=unrestricted;rate=4;bw=20;fq=8;cpih=none;cw=4;nly=1,p=unrestricted;l=4k-1;s=sublev6bpp;size=4147200;cpih=none;cw=4;fq=8;nly=1;,2,decode,4,0.6995719580445439,106332160,2,4147200,4.0
gradient,columns,p=unrestricted;rate=4;bw=20;fq=8;cpih=none;cw=4;nly=1,p=unrestricted;l=4k-1;s=sublev6bpp;size=4147200;cpih=none;cw=4;fq=8;nly=1;,2,decode,5,0.6987602498847991,106348544,2,4147200,4.0
gradient,columns,p=unrestricted;rate=4;bw=20;fq=8;cpih=none;cw=4;nly=1,p=unrestricted;l=4k-1;s=sublev6bpp;size=4147200;cpih=none;cw=4;fq=8;nly=1;,2,decode,6,0.6938977080862969,106299392,2,4147200,4.0
gradient,columns,p=unrestricted;rate=4;bw=20;fq=8;cpih=none;cw=4;nly=1,p=unrestricted;l=4k-1;s=sublev6bpp;size=4147200;cpih=none;cw=4;fq=8;nly=1;,2,decode,7,0.6886553750373423,106332160,2,4147200,4.0
gradient,columns,p=unrestricted;rate=4;bw=20;fq=8;cpih=none;cw=4;nly=1,p=unrestricted;l=4k-1;s=sublev6bpp;size=4147200;cpih=none;cw=4;fq=8;nly=1;,2,decode,8,0.6887582910712808,106315776,2,4147200,4.0
gradient,columns,p=unrestricted;rate=4;bw=20;fq=8;cpih=none;cw=4;nly=1,p=unrestricted;l=4k-1;s=sublev6bpp;size=4147200;cpih=none;cw=4;fq=8;nly=1;,2,decode,9,0.6988077079877257,106315776,2,4147200,4.0
gradient,columns,p=unrestricted;rate=4;bw=20;fq=8;cpih=none;cw=4;nly=1,p=unrestricted;l=4k-1;s=sublev6bpp;size=4147200;cpih=none;cw=4;fq=8;nly=1;,2,decode,10,0.689800166990608,106348544,2,4147200,4.0
gradient,columns,p=unrestricted;rate=4;bw=20;fq=8;cpih=none;cw=4;nly=1,p=unrestricted;l=4k-1;s=sublev6bpp;size=4147200;cpih=none;cw=4;fq=8;nly=1;,4,encode,1,0.5899776250589639,132464640,4,4147200,4.0
gradient,columns,p=unrestricted;rate=4;bw=20;fq=8;cpih=none;cw=4;nly=1,p=unrestricted;l=4k-1;s=sublev6bpp;size=4147200;cpih=none;cw=4;fq=8;nly=1;,4,encode,2,0.6036341250874102,132448256,4,4147200,4.0
gradient,columns,p=unrestricted;rate=4;bw=20;fq=8;cpih=none;cw=4;nly=1,p=unrestricted;l=4k-1;s=sublev6bpp;size=4147200;cpih=none;cw=4;fq=8;nly=1;,4,encode,3,0.5883641669061035,132464640,4,4147200,4.0
gradient,columns,p=unrestricted;rate=4;bw=20;fq=8;cpih=none;cw=4;nly=1,p=unrestricted;l=4k-1;s=sublev6bpp;size=4147200;cpih=none;cw=4;fq=8;nly=1;,4,encode,4,0.6032477500848472,132415488,4,4147200,4.0
gradient,columns,p=unrestricted;rate=4;bw=20;fq=8;cpih=none;cw=4;nly=1,p=unrestricted;l=4k-1;s=sublev6bpp;size=4147200;cpih=none;cw=4;fq=8;nly=1;,4,encode,5,0.5889289579354227,132481024,4,4147200,4.0
gradient,columns,p=unrestricted;rate=4;bw=20;fq=8;cpih=none;cw=4;nly=1,p=unrestricted;l=4k-1;s=sublev6bpp;size=4147200;cpih=none;cw=4;fq=8;nly=1;,4,encode,6,0.6450766660273075,132481024,4,4147200,4.0
gradient,columns,p=unrestricted;rate=4;bw=20;fq=8;cpih=none;cw=4;nly=1,p=unrestricted;l=4k-1;s=sublev6bpp;size=4147200;cpih=none;cw=4;fq=8;nly=1;,4,encode,7,0.592104459181428,132497408,4,4147200,4.0
gradient,columns,p=unrestricted;rate=4;bw=20;fq=8;cpih=none;cw=4;nly=1,p=unrestricted;l=4k-1;s=sublev6bpp;size=4147200;cpih=none;cw=4;fq=8;nly=1;,4,encode,8,0.606059999903664,132497408,4,4147200,4.0
gradient,columns,p=unrestricted;rate=4;bw=20;fq=8;cpih=none;cw=4;nly=1,p=unrestricted;l=4k-1;s=sublev6bpp;size=4147200;cpih=none;cw=4;fq=8;nly=1;,4,encode,9,0.5889466658700258,132481024,4,4147200,4.0
gradient,columns,p=unrestricted;rate=4;bw=20;fq=8;cpih=none;cw=4;nly=1,p=unrestricted;l=4k-1;s=sublev6bpp;size=4147200;cpih=none;cw=4;fq=8;nly=1;,4,encode,10,0.6022297078743577,132481024,4,4147200,4.0
gradient,columns,p=unrestricted;rate=4;bw=20;fq=8;cpih=none;cw=4;nly=1,p=unrestricted;l=4k-1;s=sublev6bpp;size=4147200;cpih=none;cw=4;fq=8;nly=1;,4,decode,1,0.6607964159920812,106381312,4,4147200,4.0
gradient,columns,p=unrestricted;rate=4;bw=20;fq=8;cpih=none;cw=4;nly=1,p=unrestricted;l=4k-1;s=sublev6bpp;size=4147200;cpih=none;cw=4;fq=8;nly=1;,4,decode,2,0.6589212920516729,106381312,4,4147200,4.0
gradient,columns,p=unrestricted;rate=4;bw=20;fq=8;cpih=none;cw=4;nly=1,p=unrestricted;l=4k-1;s=sublev6bpp;size=4147200;cpih=none;cw=4;fq=8;nly=1;,4,decode,3,0.6770684169605374,106364928,4,4147200,4.0
gradient,columns,p=unrestricted;rate=4;bw=20;fq=8;cpih=none;cw=4;nly=1,p=unrestricted;l=4k-1;s=sublev6bpp;size=4147200;cpih=none;cw=4;fq=8;nly=1;,4,decode,4,0.6608635410666466,106397696,4,4147200,4.0
gradient,columns,p=unrestricted;rate=4;bw=20;fq=8;cpih=none;cw=4;nly=1,p=unrestricted;l=4k-1;s=sublev6bpp;size=4147200;cpih=none;cw=4;fq=8;nly=1;,4,decode,5,0.7666857501026243,106381312,4,4147200,4.0
gradient,columns,p=unrestricted;rate=4;bw=20;fq=8;cpih=none;cw=4;nly=1,p=unrestricted;l=4k-1;s=sublev6bpp;size=4147200;cpih=none;cw=4;fq=8;nly=1;,4,decode,6,0.6593658330384642,106364928,4,4147200,4.0
gradient,columns,p=unrestricted;rate=4;bw=20;fq=8;cpih=none;cw=4;nly=1,p=unrestricted;l=4k-1;s=sublev6bpp;size=4147200;cpih=none;cw=4;fq=8;nly=1;,4,decode,7,0.6734162501525134,106381312,4,4147200,4.0
gradient,columns,p=unrestricted;rate=4;bw=20;fq=8;cpih=none;cw=4;nly=1,p=unrestricted;l=4k-1;s=sublev6bpp;size=4147200;cpih=none;cw=4;fq=8;nly=1;,4,decode,8,0.656901832902804,106397696,4,4147200,4.0
gradient,columns,p=unrestricted;rate=4;bw=20;fq=8;cpih=none;cw=4;nly=1,p=unrestricted;l=4k-1;s=sublev6bpp;size=4147200;cpih=none;cw=4;fq=8;nly=1;,4,decode,9,0.6565738331992179,106381312,4,4147200,4.0
gradient,columns,p=unrestricted;rate=4;bw=20;fq=8;cpih=none;cw=4;nly=1,p=unrestricted;l=4k-1;s=sublev6bpp;size=4147200;cpih=none;cw=4;fq=8;nly=1;,4,decode,10,0.6566562501247972,106397696,4,4147200,4.0
gradient,columns,p=unrestricted;rate=4;bw=20;fq=8;cpih=none;cw=4;nly=1,p=unrestricted;l=4k-1;s=sublev6bpp;size=4147200;cpih=none;cw=4;fq=8;nly=1;,8,encode,1,0.5820863340049982,132644864,8,4147200,4.0
gradient,columns,p=unrestricted;rate=4;bw=20;fq=8;cpih=none;cw=4;nly=1,p=unrestricted;l=4k-1;s=sublev6bpp;size=4147200;cpih=none;cw=4;fq=8;nly=1;,8,encode,2,0.6199398750904948,132612096,8,4147200,4.0
gradient,columns,p=unrestricted;rate=4;bw=20;fq=8;cpih=none;cw=4;nly=1,p=unrestricted;l=4k-1;s=sublev6bpp;size=4147200;cpih=none;cw=4;fq=8;nly=1;,8,encode,3,0.5844857920892537,132595712,8,4147200,4.0
gradient,columns,p=unrestricted;rate=4;bw=20;fq=8;cpih=none;cw=4;nly=1,p=unrestricted;l=4k-1;s=sublev6bpp;size=4147200;cpih=none;cw=4;fq=8;nly=1;,8,encode,4,0.5968633750453591,132644864,8,4147200,4.0
gradient,columns,p=unrestricted;rate=4;bw=20;fq=8;cpih=none;cw=4;nly=1,p=unrestricted;l=4k-1;s=sublev6bpp;size=4147200;cpih=none;cw=4;fq=8;nly=1;,8,encode,5,0.5833957500290126,132595712,8,4147200,4.0
gradient,columns,p=unrestricted;rate=4;bw=20;fq=8;cpih=none;cw=4;nly=1,p=unrestricted;l=4k-1;s=sublev6bpp;size=4147200;cpih=none;cw=4;fq=8;nly=1;,8,encode,6,0.5940637080930173,132628480,8,4147200,4.0
gradient,columns,p=unrestricted;rate=4;bw=20;fq=8;cpih=none;cw=4;nly=1,p=unrestricted;l=4k-1;s=sublev6bpp;size=4147200;cpih=none;cw=4;fq=8;nly=1;,8,encode,7,0.5859336249995977,132612096,8,4147200,4.0
gradient,columns,p=unrestricted;rate=4;bw=20;fq=8;cpih=none;cw=4;nly=1,p=unrestricted;l=4k-1;s=sublev6bpp;size=4147200;cpih=none;cw=4;fq=8;nly=1;,8,encode,8,0.6012665831949562,132595712,8,4147200,4.0
gradient,columns,p=unrestricted;rate=4;bw=20;fq=8;cpih=none;cw=4;nly=1,p=unrestricted;l=4k-1;s=sublev6bpp;size=4147200;cpih=none;cw=4;fq=8;nly=1;,8,encode,9,0.5845759999938309,132579328,8,4147200,4.0
gradient,columns,p=unrestricted;rate=4;bw=20;fq=8;cpih=none;cw=4;nly=1,p=unrestricted;l=4k-1;s=sublev6bpp;size=4147200;cpih=none;cw=4;fq=8;nly=1;,8,encode,10,0.614349750103429,132612096,8,4147200,4.0
gradient,columns,p=unrestricted;rate=4;bw=20;fq=8;cpih=none;cw=4;nly=1,p=unrestricted;l=4k-1;s=sublev6bpp;size=4147200;cpih=none;cw=4;fq=8;nly=1;,8,decode,1,0.6523204590193927,106577920,8,4147200,4.0
gradient,columns,p=unrestricted;rate=4;bw=20;fq=8;cpih=none;cw=4;nly=1,p=unrestricted;l=4k-1;s=sublev6bpp;size=4147200;cpih=none;cw=4;fq=8;nly=1;,8,decode,2,0.6634881249628961,106561536,8,4147200,4.0
gradient,columns,p=unrestricted;rate=4;bw=20;fq=8;cpih=none;cw=4;nly=1,p=unrestricted;l=4k-1;s=sublev6bpp;size=4147200;cpih=none;cw=4;fq=8;nly=1;,8,decode,3,0.6548609999008477,106561536,8,4147200,4.0
gradient,columns,p=unrestricted;rate=4;bw=20;fq=8;cpih=none;cw=4;nly=1,p=unrestricted;l=4k-1;s=sublev6bpp;size=4147200;cpih=none;cw=4;fq=8;nly=1;,8,decode,4,0.6503312918357551,106561536,8,4147200,4.0
gradient,columns,p=unrestricted;rate=4;bw=20;fq=8;cpih=none;cw=4;nly=1,p=unrestricted;l=4k-1;s=sublev6bpp;size=4147200;cpih=none;cw=4;fq=8;nly=1;,8,decode,5,0.6549908330198377,106577920,8,4147200,4.0
gradient,columns,p=unrestricted;rate=4;bw=20;fq=8;cpih=none;cw=4;nly=1,p=unrestricted;l=4k-1;s=sublev6bpp;size=4147200;cpih=none;cw=4;fq=8;nly=1;,8,decode,6,0.6517808749340475,106545152,8,4147200,4.0
gradient,columns,p=unrestricted;rate=4;bw=20;fq=8;cpih=none;cw=4;nly=1,p=unrestricted;l=4k-1;s=sublev6bpp;size=4147200;cpih=none;cw=4;fq=8;nly=1;,8,decode,7,0.6545982079114765,106577920,8,4147200,4.0
gradient,columns,p=unrestricted;rate=4;bw=20;fq=8;cpih=none;cw=4;nly=1,p=unrestricted;l=4k-1;s=sublev6bpp;size=4147200;cpih=none;cw=4;fq=8;nly=1;,8,decode,8,0.6582000830676407,106577920,8,4147200,4.0
gradient,columns,p=unrestricted;rate=4;bw=20;fq=8;cpih=none;cw=4;nly=1,p=unrestricted;l=4k-1;s=sublev6bpp;size=4147200;cpih=none;cw=4;fq=8;nly=1;,8,decode,9,0.6574389589950442,106545152,8,4147200,4.0
gradient,columns,p=unrestricted;rate=4;bw=20;fq=8;cpih=none;cw=4;nly=1,p=unrestricted;l=4k-1;s=sublev6bpp;size=4147200;cpih=none;cw=4;fq=8;nly=1;,8,decode,10,0.6517713749781251,106561536,8,4147200,4.0
natural,full-width,p=unrestricted;rate=4;bw=20;fq=8;cpih=none;cw=0;nly=2,p=unrestricted;l=4k-1;s=sublev6bpp;size=4147200;cpih=none;fq=8;,1,encode,1,1.38978833402507,132546560,1,4147200,4.0
natural,full-width,p=unrestricted;rate=4;bw=20;fq=8;cpih=none;cw=0;nly=2,p=unrestricted;l=4k-1;s=sublev6bpp;size=4147200;cpih=none;fq=8;,1,encode,2,1.3908723329659551,132546560,1,4147200,4.0
natural,full-width,p=unrestricted;rate=4;bw=20;fq=8;cpih=none;cw=0;nly=2,p=unrestricted;l=4k-1;s=sublev6bpp;size=4147200;cpih=none;fq=8;,1,encode,3,1.3925712080672383,132530176,1,4147200,4.0
natural,full-width,p=unrestricted;rate=4;bw=20;fq=8;cpih=none;cw=0;nly=2,p=unrestricted;l=4k-1;s=sublev6bpp;size=4147200;cpih=none;fq=8;,1,encode,4,1.3905094580259174,132546560,1,4147200,4.0
natural,full-width,p=unrestricted;rate=4;bw=20;fq=8;cpih=none;cw=0;nly=2,p=unrestricted;l=4k-1;s=sublev6bpp;size=4147200;cpih=none;fq=8;,1,encode,5,1.391761250095442,132546560,1,4147200,4.0
natural,full-width,p=unrestricted;rate=4;bw=20;fq=8;cpih=none;cw=0;nly=2,p=unrestricted;l=4k-1;s=sublev6bpp;size=4147200;cpih=none;fq=8;,1,encode,6,1.3909350419417024,132579328,1,4147200,4.0
natural,full-width,p=unrestricted;rate=4;bw=20;fq=8;cpih=none;cw=0;nly=2,p=unrestricted;l=4k-1;s=sublev6bpp;size=4147200;cpih=none;fq=8;,1,encode,7,1.391638790955767,132530176,1,4147200,4.0
natural,full-width,p=unrestricted;rate=4;bw=20;fq=8;cpih=none;cw=0;nly=2,p=unrestricted;l=4k-1;s=sublev6bpp;size=4147200;cpih=none;fq=8;,1,encode,8,1.3923056670464575,132562944,1,4147200,4.0
natural,full-width,p=unrestricted;rate=4;bw=20;fq=8;cpih=none;cw=0;nly=2,p=unrestricted;l=4k-1;s=sublev6bpp;size=4147200;cpih=none;fq=8;,1,encode,9,1.3891677078790963,132530176,1,4147200,4.0
natural,full-width,p=unrestricted;rate=4;bw=20;fq=8;cpih=none;cw=0;nly=2,p=unrestricted;l=4k-1;s=sublev6bpp;size=4147200;cpih=none;fq=8;,1,encode,10,1.402533542132005,132562944,1,4147200,4.0
natural,full-width,p=unrestricted;rate=4;bw=20;fq=8;cpih=none;cw=0;nly=2,p=unrestricted;l=4k-1;s=sublev6bpp;size=4147200;cpih=none;fq=8;,1,decode,1,0.8187475001905113,106364928,1,4147200,4.0
natural,full-width,p=unrestricted;rate=4;bw=20;fq=8;cpih=none;cw=0;nly=2,p=unrestricted;l=4k-1;s=sublev6bpp;size=4147200;cpih=none;fq=8;,1,decode,2,0.8175495830364525,106332160,1,4147200,4.0
natural,full-width,p=unrestricted;rate=4;bw=20;fq=8;cpih=none;cw=0;nly=2,p=unrestricted;l=4k-1;s=sublev6bpp;size=4147200;cpih=none;fq=8;,1,decode,3,0.8225180418230593,106364928,1,4147200,4.0
natural,full-width,p=unrestricted;rate=4;bw=20;fq=8;cpih=none;cw=0;nly=2,p=unrestricted;l=4k-1;s=sublev6bpp;size=4147200;cpih=none;fq=8;,1,decode,4,0.8186719580553472,106332160,1,4147200,4.0
natural,full-width,p=unrestricted;rate=4;bw=20;fq=8;cpih=none;cw=0;nly=2,p=unrestricted;l=4k-1;s=sublev6bpp;size=4147200;cpih=none;fq=8;,1,decode,5,0.8191725411452353,106364928,1,4147200,4.0
natural,full-width,p=unrestricted;rate=4;bw=20;fq=8;cpih=none;cw=0;nly=2,p=unrestricted;l=4k-1;s=sublev6bpp;size=4147200;cpih=none;fq=8;,1,decode,6,0.8196264998987317,106348544,1,4147200,4.0
natural,full-width,p=unrestricted;rate=4;bw=20;fq=8;cpih=none;cw=0;nly=2,p=unrestricted;l=4k-1;s=sublev6bpp;size=4147200;cpih=none;fq=8;,1,decode,7,0.8191071250475943,106364928,1,4147200,4.0
natural,full-width,p=unrestricted;rate=4;bw=20;fq=8;cpih=none;cw=0;nly=2,p=unrestricted;l=4k-1;s=sublev6bpp;size=4147200;cpih=none;fq=8;,1,decode,8,0.8191143339499831,106364928,1,4147200,4.0
natural,full-width,p=unrestricted;rate=4;bw=20;fq=8;cpih=none;cw=0;nly=2,p=unrestricted;l=4k-1;s=sublev6bpp;size=4147200;cpih=none;fq=8;,1,decode,9,0.818786459043622,106364928,1,4147200,4.0
natural,full-width,p=unrestricted;rate=4;bw=20;fq=8;cpih=none;cw=0;nly=2,p=unrestricted;l=4k-1;s=sublev6bpp;size=4147200;cpih=none;fq=8;,1,decode,10,0.8216215420980006,106348544,1,4147200,4.0
natural,full-width,p=unrestricted;rate=4;bw=20;fq=8;cpih=none;cw=0;nly=2,p=unrestricted;l=4k-1;s=sublev6bpp;size=4147200;cpih=none;fq=8;,2,encode,1,1.3184026670642197,132595712,2,4147200,4.0
natural,full-width,p=unrestricted;rate=4;bw=20;fq=8;cpih=none;cw=0;nly=2,p=unrestricted;l=4k-1;s=sublev6bpp;size=4147200;cpih=none;fq=8;,2,encode,2,1.3152570000384003,132612096,2,4147200,4.0
natural,full-width,p=unrestricted;rate=4;bw=20;fq=8;cpih=none;cw=0;nly=2,p=unrestricted;l=4k-1;s=sublev6bpp;size=4147200;cpih=none;fq=8;,2,encode,3,1.315758999902755,132595712,2,4147200,4.0
natural,full-width,p=unrestricted;rate=4;bw=20;fq=8;cpih=none;cw=0;nly=2,p=unrestricted;l=4k-1;s=sublev6bpp;size=4147200;cpih=none;fq=8;,2,encode,4,1.3135687501635402,132546560,2,4147200,4.0
natural,full-width,p=unrestricted;rate=4;bw=20;fq=8;cpih=none;cw=0;nly=2,p=unrestricted;l=4k-1;s=sublev6bpp;size=4147200;cpih=none;fq=8;,2,encode,5,1.3130353330634534,132562944,2,4147200,4.0
natural,full-width,p=unrestricted;rate=4;bw=20;fq=8;cpih=none;cw=0;nly=2,p=unrestricted;l=4k-1;s=sublev6bpp;size=4147200;cpih=none;fq=8;,2,encode,6,1.3136437910143286,132595712,2,4147200,4.0
natural,full-width,p=unrestricted;rate=4;bw=20;fq=8;cpih=none;cw=0;nly=2,p=unrestricted;l=4k-1;s=sublev6bpp;size=4147200;cpih=none;fq=8;,2,encode,7,1.3367709580343217,132644864,2,4147200,4.0
natural,full-width,p=unrestricted;rate=4;bw=20;fq=8;cpih=none;cw=0;nly=2,p=unrestricted;l=4k-1;s=sublev6bpp;size=4147200;cpih=none;fq=8;,2,encode,8,1.321885250043124,132562944,2,4147200,4.0
natural,full-width,p=unrestricted;rate=4;bw=20;fq=8;cpih=none;cw=0;nly=2,p=unrestricted;l=4k-1;s=sublev6bpp;size=4147200;cpih=none;fq=8;,2,encode,9,1.3132158329244703,132579328,2,4147200,4.0
natural,full-width,p=unrestricted;rate=4;bw=20;fq=8;cpih=none;cw=0;nly=2,p=unrestricted;l=4k-1;s=sublev6bpp;size=4147200;cpih=none;fq=8;,2,encode,10,1.3333981670439243,132595712,2,4147200,4.0
natural,full-width,p=unrestricted;rate=4;bw=20;fq=8;cpih=none;cw=0;nly=2,p=unrestricted;l=4k-1;s=sublev6bpp;size=4147200;cpih=none;fq=8;,2,decode,1,0.7461538747884333,106430464,2,4147200,4.0
natural,full-width,p=unrestricted;rate=4;bw=20;fq=8;cpih=none;cw=0;nly=2,p=unrestricted;l=4k-1;s=sublev6bpp;size=4147200;cpih=none;fq=8;,2,decode,2,0.7535337500739843,106446848,2,4147200,4.0
natural,full-width,p=unrestricted;rate=4;bw=20;fq=8;cpih=none;cw=0;nly=2,p=unrestricted;l=4k-1;s=sublev6bpp;size=4147200;cpih=none;fq=8;,2,decode,3,0.7501657078973949,106430464,2,4147200,4.0
natural,full-width,p=unrestricted;rate=4;bw=20;fq=8;cpih=none;cw=0;nly=2,p=unrestricted;l=4k-1;s=sublev6bpp;size=4147200;cpih=none;fq=8;,2,decode,4,0.7459362919908017,106446848,2,4147200,4.0
natural,full-width,p=unrestricted;rate=4;bw=20;fq=8;cpih=none;cw=0;nly=2,p=unrestricted;l=4k-1;s=sublev6bpp;size=4147200;cpih=none;fq=8;,2,decode,5,0.7459349578712136,106430464,2,4147200,4.0
natural,full-width,p=unrestricted;rate=4;bw=20;fq=8;cpih=none;cw=0;nly=2,p=unrestricted;l=4k-1;s=sublev6bpp;size=4147200;cpih=none;fq=8;,2,decode,6,0.7463135831058025,106414080,2,4147200,4.0
natural,full-width,p=unrestricted;rate=4;bw=20;fq=8;cpih=none;cw=0;nly=2,p=unrestricted;l=4k-1;s=sublev6bpp;size=4147200;cpih=none;fq=8;,2,decode,7,0.7457398748956621,106430464,2,4147200,4.0
natural,full-width,p=unrestricted;rate=4;bw=20;fq=8;cpih=none;cw=0;nly=2,p=unrestricted;l=4k-1;s=sublev6bpp;size=4147200;cpih=none;fq=8;,2,decode,8,0.7824127501808107,106430464,2,4147200,4.0
natural,full-width,p=unrestricted;rate=4;bw=20;fq=8;cpih=none;cw=0;nly=2,p=unrestricted;l=4k-1;s=sublev6bpp;size=4147200;cpih=none;fq=8;,2,decode,9,0.7779788339976221,106446848,2,4147200,4.0
natural,full-width,p=unrestricted;rate=4;bw=20;fq=8;cpih=none;cw=0;nly=2,p=unrestricted;l=4k-1;s=sublev6bpp;size=4147200;cpih=none;fq=8;,2,decode,10,0.7483948750887066,106430464,2,4147200,4.0
natural,full-width,p=unrestricted;rate=4;bw=20;fq=8;cpih=none;cw=0;nly=2,p=unrestricted;l=4k-1;s=sublev6bpp;size=4147200;cpih=none;fq=8;,4,encode,1,1.2829702089075,132661248,4,4147200,4.0
natural,full-width,p=unrestricted;rate=4;bw=20;fq=8;cpih=none;cw=0;nly=2,p=unrestricted;l=4k-1;s=sublev6bpp;size=4147200;cpih=none;fq=8;,4,encode,2,1.2896588339935988,132677632,4,4147200,4.0
natural,full-width,p=unrestricted;rate=4;bw=20;fq=8;cpih=none;cw=0;nly=2,p=unrestricted;l=4k-1;s=sublev6bpp;size=4147200;cpih=none;fq=8;,4,encode,3,1.2843055829871446,132677632,4,4147200,4.0
natural,full-width,p=unrestricted;rate=4;bw=20;fq=8;cpih=none;cw=0;nly=2,p=unrestricted;l=4k-1;s=sublev6bpp;size=4147200;cpih=none;fq=8;,4,encode,4,1.4163770829327404,132628480,4,4147200,4.0
natural,full-width,p=unrestricted;rate=4;bw=20;fq=8;cpih=none;cw=0;nly=2,p=unrestricted;l=4k-1;s=sublev6bpp;size=4147200;cpih=none;fq=8;,4,encode,5,1.4178417921066284,132644864,4,4147200,4.0
natural,full-width,p=unrestricted;rate=4;bw=20;fq=8;cpih=none;cw=0;nly=2,p=unrestricted;l=4k-1;s=sublev6bpp;size=4147200;cpih=none;fq=8;,4,encode,6,1.2856350829824805,132677632,4,4147200,4.0
natural,full-width,p=unrestricted;rate=4;bw=20;fq=8;cpih=none;cw=0;nly=2,p=unrestricted;l=4k-1;s=sublev6bpp;size=4147200;cpih=none;fq=8;,4,encode,7,1.3296311250887811,132677632,4,4147200,4.0
natural,full-width,p=unrestricted;rate=4;bw=20;fq=8;cpih=none;cw=0;nly=2,p=unrestricted;l=4k-1;s=sublev6bpp;size=4147200;cpih=none;fq=8;,4,encode,8,1.3088921669404954,132677632,4,4147200,4.0
natural,full-width,p=unrestricted;rate=4;bw=20;fq=8;cpih=none;cw=0;nly=2,p=unrestricted;l=4k-1;s=sublev6bpp;size=4147200;cpih=none;fq=8;,4,encode,9,1.300946667091921,132661248,4,4147200,4.0
natural,full-width,p=unrestricted;rate=4;bw=20;fq=8;cpih=none;cw=0;nly=2,p=unrestricted;l=4k-1;s=sublev6bpp;size=4147200;cpih=none;fq=8;,4,encode,10,1.5991966668516397,132644864,4,4147200,4.0
natural,full-width,p=unrestricted;rate=4;bw=20;fq=8;cpih=none;cw=0;nly=2,p=unrestricted;l=4k-1;s=sublev6bpp;size=4147200;cpih=none;fq=8;,4,decode,1,0.7103684172034264,106512384,4,4147200,4.0
natural,full-width,p=unrestricted;rate=4;bw=20;fq=8;cpih=none;cw=0;nly=2,p=unrestricted;l=4k-1;s=sublev6bpp;size=4147200;cpih=none;fq=8;,4,decode,2,0.7089810420293361,106496000,4,4147200,4.0
natural,full-width,p=unrestricted;rate=4;bw=20;fq=8;cpih=none;cw=0;nly=2,p=unrestricted;l=4k-1;s=sublev6bpp;size=4147200;cpih=none;fq=8;,4,decode,3,0.7075594158377498,106496000,4,4147200,4.0
natural,full-width,p=unrestricted;rate=4;bw=20;fq=8;cpih=none;cw=0;nly=2,p=unrestricted;l=4k-1;s=sublev6bpp;size=4147200;cpih=none;fq=8;,4,decode,4,0.7129551670514047,106512384,4,4147200,4.0
natural,full-width,p=unrestricted;rate=4;bw=20;fq=8;cpih=none;cw=0;nly=2,p=unrestricted;l=4k-1;s=sublev6bpp;size=4147200;cpih=none;fq=8;,4,decode,5,0.7058973331004381,106512384,4,4147200,4.0
natural,full-width,p=unrestricted;rate=4;bw=20;fq=8;cpih=none;cw=0;nly=2,p=unrestricted;l=4k-1;s=sublev6bpp;size=4147200;cpih=none;fq=8;,4,decode,6,0.7523109999019653,106479616,4,4147200,4.0
natural,full-width,p=unrestricted;rate=4;bw=20;fq=8;cpih=none;cw=0;nly=2,p=unrestricted;l=4k-1;s=sublev6bpp;size=4147200;cpih=none;fq=8;,4,decode,7,0.7327947078738362,106479616,4,4147200,4.0
natural,full-width,p=unrestricted;rate=4;bw=20;fq=8;cpih=none;cw=0;nly=2,p=unrestricted;l=4k-1;s=sublev6bpp;size=4147200;cpih=none;fq=8;,4,decode,8,0.7064593750983477,106512384,4,4147200,4.0
natural,full-width,p=unrestricted;rate=4;bw=20;fq=8;cpih=none;cw=0;nly=2,p=unrestricted;l=4k-1;s=sublev6bpp;size=4147200;cpih=none;fq=8;,4,decode,9,0.7105294170323759,106479616,4,4147200,4.0
natural,full-width,p=unrestricted;rate=4;bw=20;fq=8;cpih=none;cw=0;nly=2,p=unrestricted;l=4k-1;s=sublev6bpp;size=4147200;cpih=none;fq=8;,4,decode,10,0.7116483340505511,106479616,4,4147200,4.0
natural,full-width,p=unrestricted;rate=4;bw=20;fq=8;cpih=none;cw=0;nly=2,p=unrestricted;l=4k-1;s=sublev6bpp;size=4147200;cpih=none;fq=8;,8,encode,1,1.2798947079572827,132808704,8,4147200,4.0
natural,full-width,p=unrestricted;rate=4;bw=20;fq=8;cpih=none;cw=0;nly=2,p=unrestricted;l=4k-1;s=sublev6bpp;size=4147200;cpih=none;fq=8;,8,encode,2,1.2842732921708375,132841472,8,4147200,4.0
natural,full-width,p=unrestricted;rate=4;bw=20;fq=8;cpih=none;cw=0;nly=2,p=unrestricted;l=4k-1;s=sublev6bpp;size=4147200;cpih=none;fq=8;,8,encode,3,1.283758708043024,132825088,8,4147200,4.0
natural,full-width,p=unrestricted;rate=4;bw=20;fq=8;cpih=none;cw=0;nly=2,p=unrestricted;l=4k-1;s=sublev6bpp;size=4147200;cpih=none;fq=8;,8,encode,4,1.286380625097081,132808704,8,4147200,4.0
natural,full-width,p=unrestricted;rate=4;bw=20;fq=8;cpih=none;cw=0;nly=2,p=unrestricted;l=4k-1;s=sublev6bpp;size=4147200;cpih=none;fq=8;,8,encode,5,1.2740691660437733,132808704,8,4147200,4.0
natural,full-width,p=unrestricted;rate=4;bw=20;fq=8;cpih=none;cw=0;nly=2,p=unrestricted;l=4k-1;s=sublev6bpp;size=4147200;cpih=none;fq=8;,8,encode,6,1.2778970419894904,132825088,8,4147200,4.0
natural,full-width,p=unrestricted;rate=4;bw=20;fq=8;cpih=none;cw=0;nly=2,p=unrestricted;l=4k-1;s=sublev6bpp;size=4147200;cpih=none;fq=8;,8,encode,7,1.277415500022471,132825088,8,4147200,4.0
natural,full-width,p=unrestricted;rate=4;bw=20;fq=8;cpih=none;cw=0;nly=2,p=unrestricted;l=4k-1;s=sublev6bpp;size=4147200;cpih=none;fq=8;,8,encode,8,1.3654795000329614,132841472,8,4147200,4.0
natural,full-width,p=unrestricted;rate=4;bw=20;fq=8;cpih=none;cw=0;nly=2,p=unrestricted;l=4k-1;s=sublev6bpp;size=4147200;cpih=none;fq=8;,8,encode,9,1.3466556670609862,132825088,8,4147200,4.0
natural,full-width,p=unrestricted;rate=4;bw=20;fq=8;cpih=none;cw=0;nly=2,p=unrestricted;l=4k-1;s=sublev6bpp;size=4147200;cpih=none;fq=8;,8,encode,10,1.3864746671169996,132825088,8,4147200,4.0
natural,full-width,p=unrestricted;rate=4;bw=20;fq=8;cpih=none;cw=0;nly=2,p=unrestricted;l=4k-1;s=sublev6bpp;size=4147200;cpih=none;fq=8;,8,decode,1,0.748788750031963,106676224,8,4147200,4.0
natural,full-width,p=unrestricted;rate=4;bw=20;fq=8;cpih=none;cw=0;nly=2,p=unrestricted;l=4k-1;s=sublev6bpp;size=4147200;cpih=none;fq=8;,8,decode,2,0.8498628749512136,106692608,8,4147200,4.0
natural,full-width,p=unrestricted;rate=4;bw=20;fq=8;cpih=none;cw=0;nly=2,p=unrestricted;l=4k-1;s=sublev6bpp;size=4147200;cpih=none;fq=8;,8,decode,3,0.7775149999652058,106659840,8,4147200,4.0
natural,full-width,p=unrestricted;rate=4;bw=20;fq=8;cpih=none;cw=0;nly=2,p=unrestricted;l=4k-1;s=sublev6bpp;size=4147200;cpih=none;fq=8;,8,decode,4,0.7119576670229435,106659840,8,4147200,4.0
natural,full-width,p=unrestricted;rate=4;bw=20;fq=8;cpih=none;cw=0;nly=2,p=unrestricted;l=4k-1;s=sublev6bpp;size=4147200;cpih=none;fq=8;,8,decode,5,0.7038708340842277,106659840,8,4147200,4.0
natural,full-width,p=unrestricted;rate=4;bw=20;fq=8;cpih=none;cw=0;nly=2,p=unrestricted;l=4k-1;s=sublev6bpp;size=4147200;cpih=none;fq=8;,8,decode,6,0.7139302501454949,106676224,8,4147200,4.0
natural,full-width,p=unrestricted;rate=4;bw=20;fq=8;cpih=none;cw=0;nly=2,p=unrestricted;l=4k-1;s=sublev6bpp;size=4147200;cpih=none;fq=8;,8,decode,7,0.7025766249280423,106692608,8,4147200,4.0
natural,full-width,p=unrestricted;rate=4;bw=20;fq=8;cpih=none;cw=0;nly=2,p=unrestricted;l=4k-1;s=sublev6bpp;size=4147200;cpih=none;fq=8;,8,decode,8,0.7007979170884937,106676224,8,4147200,4.0
natural,full-width,p=unrestricted;rate=4;bw=20;fq=8;cpih=none;cw=0;nly=2,p=unrestricted;l=4k-1;s=sublev6bpp;size=4147200;cpih=none;fq=8;,8,decode,9,0.6987691668327898,106692608,8,4147200,4.0
natural,full-width,p=unrestricted;rate=4;bw=20;fq=8;cpih=none;cw=0;nly=2,p=unrestricted;l=4k-1;s=sublev6bpp;size=4147200;cpih=none;fq=8;,8,decode,10,0.7004500001203269,106676224,8,4147200,4.0
natural,columns,p=unrestricted;rate=4;bw=20;fq=8;cpih=none;cw=4;nly=1,p=unrestricted;l=4k-1;s=sublev6bpp;size=4147200;cpih=none;cw=4;fq=8;nly=1;,1,encode,1,1.6724125419277698,132268032,1,4147200,4.0
natural,columns,p=unrestricted;rate=4;bw=20;fq=8;cpih=none;cw=4;nly=1,p=unrestricted;l=4k-1;s=sublev6bpp;size=4147200;cpih=none;cw=4;fq=8;nly=1;,1,encode,2,1.6609139579813927,132251648,1,4147200,4.0
natural,columns,p=unrestricted;rate=4;bw=20;fq=8;cpih=none;cw=4;nly=1,p=unrestricted;l=4k-1;s=sublev6bpp;size=4147200;cpih=none;cw=4;fq=8;nly=1;,1,encode,3,1.6841060840524733,132284416,1,4147200,4.0
natural,columns,p=unrestricted;rate=4;bw=20;fq=8;cpih=none;cw=4;nly=1,p=unrestricted;l=4k-1;s=sublev6bpp;size=4147200;cpih=none;cw=4;fq=8;nly=1;,1,encode,4,1.6703070839866996,132317184,1,4147200,4.0
natural,columns,p=unrestricted;rate=4;bw=20;fq=8;cpih=none;cw=4;nly=1,p=unrestricted;l=4k-1;s=sublev6bpp;size=4147200;cpih=none;cw=4;fq=8;nly=1;,1,encode,5,1.6856085830368102,132300800,1,4147200,4.0
natural,columns,p=unrestricted;rate=4;bw=20;fq=8;cpih=none;cw=4;nly=1,p=unrestricted;l=4k-1;s=sublev6bpp;size=4147200;cpih=none;cw=4;fq=8;nly=1;,1,encode,6,1.7813201670069247,132284416,1,4147200,4.0
natural,columns,p=unrestricted;rate=4;bw=20;fq=8;cpih=none;cw=4;nly=1,p=unrestricted;l=4k-1;s=sublev6bpp;size=4147200;cpih=none;cw=4;fq=8;nly=1;,1,encode,7,1.693331832997501,132317184,1,4147200,4.0
natural,columns,p=unrestricted;rate=4;bw=20;fq=8;cpih=none;cw=4;nly=1,p=unrestricted;l=4k-1;s=sublev6bpp;size=4147200;cpih=none;cw=4;fq=8;nly=1;,1,encode,8,1.6748183749150485,132284416,1,4147200,4.0
natural,columns,p=unrestricted;rate=4;bw=20;fq=8;cpih=none;cw=4;nly=1,p=unrestricted;l=4k-1;s=sublev6bpp;size=4147200;cpih=none;cw=4;fq=8;nly=1;,1,encode,9,1.7281991669442505,132268032,1,4147200,4.0
natural,columns,p=unrestricted;rate=4;bw=20;fq=8;cpih=none;cw=4;nly=1,p=unrestricted;l=4k-1;s=sublev6bpp;size=4147200;cpih=none;cw=4;fq=8;nly=1;,1,encode,10,1.664560958975926,132284416,1,4147200,4.0
natural,columns,p=unrestricted;rate=4;bw=20;fq=8;cpih=none;cw=4;nly=1,p=unrestricted;l=4k-1;s=sublev6bpp;size=4147200;cpih=none;cw=4;fq=8;nly=1;,1,decode,1,0.8164838750381023,106283008,1,4147200,4.0
natural,columns,p=unrestricted;rate=4;bw=20;fq=8;cpih=none;cw=4;nly=1,p=unrestricted;l=4k-1;s=sublev6bpp;size=4147200;cpih=none;cw=4;fq=8;nly=1;,1,decode,2,0.7959479589480907,106250240,1,4147200,4.0
natural,columns,p=unrestricted;rate=4;bw=20;fq=8;cpih=none;cw=4;nly=1,p=unrestricted;l=4k-1;s=sublev6bpp;size=4147200;cpih=none;cw=4;fq=8;nly=1;,1,decode,3,0.7979018751066178,106250240,1,4147200,4.0
natural,columns,p=unrestricted;rate=4;bw=20;fq=8;cpih=none;cw=4;nly=1,p=unrestricted;l=4k-1;s=sublev6bpp;size=4147200;cpih=none;cw=4;fq=8;nly=1;,1,decode,4,0.7969411660451442,106266624,1,4147200,4.0
natural,columns,p=unrestricted;rate=4;bw=20;fq=8;cpih=none;cw=4;nly=1,p=unrestricted;l=4k-1;s=sublev6bpp;size=4147200;cpih=none;cw=4;fq=8;nly=1;,1,decode,5,0.8143192499410361,106266624,1,4147200,4.0
natural,columns,p=unrestricted;rate=4;bw=20;fq=8;cpih=none;cw=4;nly=1,p=unrestricted;l=4k-1;s=sublev6bpp;size=4147200;cpih=none;cw=4;fq=8;nly=1;,1,decode,6,0.8413564160000533,106250240,1,4147200,4.0
natural,columns,p=unrestricted;rate=4;bw=20;fq=8;cpih=none;cw=4;nly=1,p=unrestricted;l=4k-1;s=sublev6bpp;size=4147200;cpih=none;cw=4;fq=8;nly=1;,1,decode,7,0.8659428339451551,106250240,1,4147200,4.0
natural,columns,p=unrestricted;rate=4;bw=20;fq=8;cpih=none;cw=4;nly=1,p=unrestricted;l=4k-1;s=sublev6bpp;size=4147200;cpih=none;cw=4;fq=8;nly=1;,1,decode,8,0.8112146251369268,106266624,1,4147200,4.0
natural,columns,p=unrestricted;rate=4;bw=20;fq=8;cpih=none;cw=4;nly=1,p=unrestricted;l=4k-1;s=sublev6bpp;size=4147200;cpih=none;cw=4;fq=8;nly=1;,1,decode,9,0.8047600840218365,106266624,1,4147200,4.0
natural,columns,p=unrestricted;rate=4;bw=20;fq=8;cpih=none;cw=4;nly=1,p=unrestricted;l=4k-1;s=sublev6bpp;size=4147200;cpih=none;cw=4;fq=8;nly=1;,1,decode,10,0.8018880831077695,106266624,1,4147200,4.0
natural,columns,p=unrestricted;rate=4;bw=20;fq=8;cpih=none;cw=4;nly=1,p=unrestricted;l=4k-1;s=sublev6bpp;size=4147200;cpih=none;cw=4;fq=8;nly=1;,2,encode,1,0.9898466670420021,132399104,2,4147200,4.0
natural,columns,p=unrestricted;rate=4;bw=20;fq=8;cpih=none;cw=4;nly=1,p=unrestricted;l=4k-1;s=sublev6bpp;size=4147200;cpih=none;cw=4;fq=8;nly=1;,2,encode,2,1.0030933329835534,132382720,2,4147200,4.0
natural,columns,p=unrestricted;rate=4;bw=20;fq=8;cpih=none;cw=4;nly=1,p=unrestricted;l=4k-1;s=sublev6bpp;size=4147200;cpih=none;cw=4;fq=8;nly=1;,2,encode,3,0.9953559169080108,132399104,2,4147200,4.0
natural,columns,p=unrestricted;rate=4;bw=20;fq=8;cpih=none;cw=4;nly=1,p=unrestricted;l=4k-1;s=sublev6bpp;size=4147200;cpih=none;cw=4;fq=8;nly=1;,2,encode,4,0.9908742920961231,132382720,2,4147200,4.0
natural,columns,p=unrestricted;rate=4;bw=20;fq=8;cpih=none;cw=4;nly=1,p=unrestricted;l=4k-1;s=sublev6bpp;size=4147200;cpih=none;cw=4;fq=8;nly=1;,2,encode,5,0.9957174579612911,132431872,2,4147200,4.0
natural,columns,p=unrestricted;rate=4;bw=20;fq=8;cpih=none;cw=4;nly=1,p=unrestricted;l=4k-1;s=sublev6bpp;size=4147200;cpih=none;cw=4;fq=8;nly=1;,2,encode,6,0.9929633331485093,132415488,2,4147200,4.0
natural,columns,p=unrestricted;rate=4;bw=20;fq=8;cpih=none;cw=4;nly=1,p=unrestricted;l=4k-1;s=sublev6bpp;size=4147200;cpih=none;cw=4;fq=8;nly=1;,2,encode,7,0.9960635830648243,132431872,2,4147200,4.0
natural,columns,p=unrestricted;rate=4;bw=20;fq=8;cpih=none;cw=4;nly=1,p=unrestricted;l=4k-1;s=sublev6bpp;size=4147200;cpih=none;cw=4;fq=8;nly=1;,2,encode,8,1.0159830418415368,132399104,2,4147200,4.0
natural,columns,p=unrestricted;rate=4;bw=20;fq=8;cpih=none;cw=4;nly=1,p=unrestricted;l=4k-1;s=sublev6bpp;size=4147200;cpih=none;cw=4;fq=8;nly=1;,2,encode,9,0.9997441249433905,132415488,2,4147200,4.0
natural,columns,p=unrestricted;rate=4;bw=20;fq=8;cpih=none;cw=4;nly=1,p=unrestricted;l=4k-1;s=sublev6bpp;size=4147200;cpih=none;cw=4;fq=8;nly=1;,2,encode,10,0.9914006250910461,132415488,2,4147200,4.0
natural,columns,p=unrestricted;rate=4;bw=20;fq=8;cpih=none;cw=4;nly=1,p=unrestricted;l=4k-1;s=sublev6bpp;size=4147200;cpih=none;cw=4;fq=8;nly=1;,2,decode,1,0.7358395829796791,106332160,2,4147200,4.0
natural,columns,p=unrestricted;rate=4;bw=20;fq=8;cpih=none;cw=4;nly=1,p=unrestricted;l=4k-1;s=sublev6bpp;size=4147200;cpih=none;cw=4;fq=8;nly=1;,2,decode,2,0.7416446658317,106332160,2,4147200,4.0
natural,columns,p=unrestricted;rate=4;bw=20;fq=8;cpih=none;cw=4;nly=1,p=unrestricted;l=4k-1;s=sublev6bpp;size=4147200;cpih=none;cw=4;fq=8;nly=1;,2,decode,3,0.7528247500304133,106315776,2,4147200,4.0
natural,columns,p=unrestricted;rate=4;bw=20;fq=8;cpih=none;cw=4;nly=1,p=unrestricted;l=4k-1;s=sublev6bpp;size=4147200;cpih=none;cw=4;fq=8;nly=1;,2,decode,4,0.7329771670047194,106332160,2,4147200,4.0
natural,columns,p=unrestricted;rate=4;bw=20;fq=8;cpih=none;cw=4;nly=1,p=unrestricted;l=4k-1;s=sublev6bpp;size=4147200;cpih=none;cw=4;fq=8;nly=1;,2,decode,5,0.7534697910305113,106332160,2,4147200,4.0
natural,columns,p=unrestricted;rate=4;bw=20;fq=8;cpih=none;cw=4;nly=1,p=unrestricted;l=4k-1;s=sublev6bpp;size=4147200;cpih=none;cw=4;fq=8;nly=1;,2,decode,6,0.7357371659018099,106332160,2,4147200,4.0
natural,columns,p=unrestricted;rate=4;bw=20;fq=8;cpih=none;cw=4;nly=1,p=unrestricted;l=4k-1;s=sublev6bpp;size=4147200;cpih=none;cw=4;fq=8;nly=1;,2,decode,7,0.7370442501269281,106332160,2,4147200,4.0
natural,columns,p=unrestricted;rate=4;bw=20;fq=8;cpih=none;cw=4;nly=1,p=unrestricted;l=4k-1;s=sublev6bpp;size=4147200;cpih=none;cw=4;fq=8;nly=1;,2,decode,8,0.7351550839375705,106332160,2,4147200,4.0
natural,columns,p=unrestricted;rate=4;bw=20;fq=8;cpih=none;cw=4;nly=1,p=unrestricted;l=4k-1;s=sublev6bpp;size=4147200;cpih=none;cw=4;fq=8;nly=1;,2,decode,9,0.7366514999885112,106348544,2,4147200,4.0
natural,columns,p=unrestricted;rate=4;bw=20;fq=8;cpih=none;cw=4;nly=1,p=unrestricted;l=4k-1;s=sublev6bpp;size=4147200;cpih=none;cw=4;fq=8;nly=1;,2,decode,10,0.7321332499850541,106315776,2,4147200,4.0
natural,columns,p=unrestricted;rate=4;bw=20;fq=8;cpih=none;cw=4;nly=1,p=unrestricted;l=4k-1;s=sublev6bpp;size=4147200;cpih=none;cw=4;fq=8;nly=1;,4,encode,1,0.6516256658360362,132415488,4,4147200,4.0
natural,columns,p=unrestricted;rate=4;bw=20;fq=8;cpih=none;cw=4;nly=1,p=unrestricted;l=4k-1;s=sublev6bpp;size=4147200;cpih=none;cw=4;fq=8;nly=1;,4,encode,2,0.6703722500242293,132448256,4,4147200,4.0
natural,columns,p=unrestricted;rate=4;bw=20;fq=8;cpih=none;cw=4;nly=1,p=unrestricted;l=4k-1;s=sublev6bpp;size=4147200;cpih=none;cw=4;fq=8;nly=1;,4,encode,3,0.6637350411619991,132448256,4,4147200,4.0
natural,columns,p=unrestricted;rate=4;bw=20;fq=8;cpih=none;cw=4;nly=1,p=unrestricted;l=4k-1;s=sublev6bpp;size=4147200;cpih=none;cw=4;fq=8;nly=1;,4,encode,4,0.6702647500205785,132464640,4,4147200,4.0
natural,columns,p=unrestricted;rate=4;bw=20;fq=8;cpih=none;cw=4;nly=1,p=unrestricted;l=4k-1;s=sublev6bpp;size=4147200;cpih=none;cw=4;fq=8;nly=1;,4,encode,5,0.6507744998671114,132481024,4,4147200,4.0
natural,columns,p=unrestricted;rate=4;bw=20;fq=8;cpih=none;cw=4;nly=1,p=unrestricted;l=4k-1;s=sublev6bpp;size=4147200;cpih=none;cw=4;fq=8;nly=1;,4,encode,6,0.6848782089073211,132464640,4,4147200,4.0
natural,columns,p=unrestricted;rate=4;bw=20;fq=8;cpih=none;cw=4;nly=1,p=unrestricted;l=4k-1;s=sublev6bpp;size=4147200;cpih=none;cw=4;fq=8;nly=1;,4,encode,7,0.6563323340378702,132481024,4,4147200,4.0
natural,columns,p=unrestricted;rate=4;bw=20;fq=8;cpih=none;cw=4;nly=1,p=unrestricted;l=4k-1;s=sublev6bpp;size=4147200;cpih=none;cw=4;fq=8;nly=1;,4,encode,8,0.6685939580202103,132399104,4,4147200,4.0
natural,columns,p=unrestricted;rate=4;bw=20;fq=8;cpih=none;cw=4;nly=1,p=unrestricted;l=4k-1;s=sublev6bpp;size=4147200;cpih=none;cw=4;fq=8;nly=1;,4,encode,9,0.6570439578499645,132464640,4,4147200,4.0
natural,columns,p=unrestricted;rate=4;bw=20;fq=8;cpih=none;cw=4;nly=1,p=unrestricted;l=4k-1;s=sublev6bpp;size=4147200;cpih=none;cw=4;fq=8;nly=1;,4,encode,10,0.6719759171828628,132464640,4,4147200,4.0
natural,columns,p=unrestricted;rate=4;bw=20;fq=8;cpih=none;cw=4;nly=1,p=unrestricted;l=4k-1;s=sublev6bpp;size=4147200;cpih=none;cw=4;fq=8;nly=1;,4,decode,1,0.7049805419519544,106364928,4,4147200,4.0
natural,columns,p=unrestricted;rate=4;bw=20;fq=8;cpih=none;cw=4;nly=1,p=unrestricted;l=4k-1;s=sublev6bpp;size=4147200;cpih=none;cw=4;fq=8;nly=1;,4,decode,2,0.7057886249385774,106381312,4,4147200,4.0
natural,columns,p=unrestricted;rate=4;bw=20;fq=8;cpih=none;cw=4;nly=1,p=unrestricted;l=4k-1;s=sublev6bpp;size=4147200;cpih=none;cw=4;fq=8;nly=1;,4,decode,3,0.7325301668606699,106397696,4,4147200,4.0
natural,columns,p=unrestricted;rate=4;bw=20;fq=8;cpih=none;cw=4;nly=1,p=unrestricted;l=4k-1;s=sublev6bpp;size=4147200;cpih=none;cw=4;fq=8;nly=1;,4,decode,4,0.7053199170622975,106381312,4,4147200,4.0
natural,columns,p=unrestricted;rate=4;bw=20;fq=8;cpih=none;cw=4;nly=1,p=unrestricted;l=4k-1;s=sublev6bpp;size=4147200;cpih=none;cw=4;fq=8;nly=1;,4,decode,5,0.7066355841234326,106381312,4,4147200,4.0
natural,columns,p=unrestricted;rate=4;bw=20;fq=8;cpih=none;cw=4;nly=1,p=unrestricted;l=4k-1;s=sublev6bpp;size=4147200;cpih=none;cw=4;fq=8;nly=1;,4,decode,6,0.7046230419073254,106397696,4,4147200,4.0
natural,columns,p=unrestricted;rate=4;bw=20;fq=8;cpih=none;cw=4;nly=1,p=unrestricted;l=4k-1;s=sublev6bpp;size=4147200;cpih=none;cw=4;fq=8;nly=1;,4,decode,7,0.7317089578136802,106381312,4,4147200,4.0
natural,columns,p=unrestricted;rate=4;bw=20;fq=8;cpih=none;cw=4;nly=1,p=unrestricted;l=4k-1;s=sublev6bpp;size=4147200;cpih=none;cw=4;fq=8;nly=1;,4,decode,8,0.7092623750213534,106397696,4,4147200,4.0
natural,columns,p=unrestricted;rate=4;bw=20;fq=8;cpih=none;cw=4;nly=1,p=unrestricted;l=4k-1;s=sublev6bpp;size=4147200;cpih=none;cw=4;fq=8;nly=1;,4,decode,9,0.7986557080876082,106381312,4,4147200,4.0
natural,columns,p=unrestricted;rate=4;bw=20;fq=8;cpih=none;cw=4;nly=1,p=unrestricted;l=4k-1;s=sublev6bpp;size=4147200;cpih=none;cw=4;fq=8;nly=1;,4,decode,10,0.7043919158168137,106381312,4,4147200,4.0
natural,columns,p=unrestricted;rate=4;bw=20;fq=8;cpih=none;cw=4;nly=1,p=unrestricted;l=4k-1;s=sublev6bpp;size=4147200;cpih=none;cw=4;fq=8;nly=1;,8,encode,1,0.6465564579702914,132595712,8,4147200,4.0
natural,columns,p=unrestricted;rate=4;bw=20;fq=8;cpih=none;cw=4;nly=1,p=unrestricted;l=4k-1;s=sublev6bpp;size=4147200;cpih=none;cw=4;fq=8;nly=1;,8,encode,2,0.7106770831160247,132628480,8,4147200,4.0
natural,columns,p=unrestricted;rate=4;bw=20;fq=8;cpih=none;cw=4;nly=1,p=unrestricted;l=4k-1;s=sublev6bpp;size=4147200;cpih=none;cw=4;fq=8;nly=1;,8,encode,3,0.6930634579621255,132628480,8,4147200,4.0
natural,columns,p=unrestricted;rate=4;bw=20;fq=8;cpih=none;cw=4;nly=1,p=unrestricted;l=4k-1;s=sublev6bpp;size=4147200;cpih=none;cw=4;fq=8;nly=1;,8,encode,4,0.6789060831069946,132612096,8,4147200,4.0
natural,columns,p=unrestricted;rate=4;bw=20;fq=8;cpih=none;cw=4;nly=1,p=unrestricted;l=4k-1;s=sublev6bpp;size=4147200;cpih=none;cw=4;fq=8;nly=1;,8,encode,5,0.6750869578681886,132595712,8,4147200,4.0
natural,columns,p=unrestricted;rate=4;bw=20;fq=8;cpih=none;cw=4;nly=1,p=unrestricted;l=4k-1;s=sublev6bpp;size=4147200;cpih=none;cw=4;fq=8;nly=1;,8,encode,6,0.6646854169666767,132579328,8,4147200,4.0
natural,columns,p=unrestricted;rate=4;bw=20;fq=8;cpih=none;cw=4;nly=1,p=unrestricted;l=4k-1;s=sublev6bpp;size=4147200;cpih=none;cw=4;fq=8;nly=1;,8,encode,7,0.8129801249597222,132612096,8,4147200,4.0
natural,columns,p=unrestricted;rate=4;bw=20;fq=8;cpih=none;cw=4;nly=1,p=unrestricted;l=4k-1;s=sublev6bpp;size=4147200;cpih=none;cw=4;fq=8;nly=1;,8,encode,8,0.7108885841444135,132628480,8,4147200,4.0
natural,columns,p=unrestricted;rate=4;bw=20;fq=8;cpih=none;cw=4;nly=1,p=unrestricted;l=4k-1;s=sublev6bpp;size=4147200;cpih=none;cw=4;fq=8;nly=1;,8,encode,9,0.676919125020504,132644864,8,4147200,4.0
natural,columns,p=unrestricted;rate=4;bw=20;fq=8;cpih=none;cw=4;nly=1,p=unrestricted;l=4k-1;s=sublev6bpp;size=4147200;cpih=none;cw=4;fq=8;nly=1;,8,encode,10,0.6653778329491615,132628480,8,4147200,4.0
natural,columns,p=unrestricted;rate=4;bw=20;fq=8;cpih=none;cw=4;nly=1,p=unrestricted;l=4k-1;s=sublev6bpp;size=4147200;cpih=none;cw=4;fq=8;nly=1;,8,decode,1,0.7041052500717342,106594304,8,4147200,4.0
natural,columns,p=unrestricted;rate=4;bw=20;fq=8;cpih=none;cw=4;nly=1,p=unrestricted;l=4k-1;s=sublev6bpp;size=4147200;cpih=none;cw=4;fq=8;nly=1;,8,decode,2,0.7112895830068737,106577920,8,4147200,4.0
natural,columns,p=unrestricted;rate=4;bw=20;fq=8;cpih=none;cw=4;nly=1,p=unrestricted;l=4k-1;s=sublev6bpp;size=4147200;cpih=none;cw=4;fq=8;nly=1;,8,decode,3,0.7029732498340309,106545152,8,4147200,4.0
natural,columns,p=unrestricted;rate=4;bw=20;fq=8;cpih=none;cw=4;nly=1,p=unrestricted;l=4k-1;s=sublev6bpp;size=4147200;cpih=none;cw=4;fq=8;nly=1;,8,decode,4,0.7129374998621643,106561536,8,4147200,4.0
natural,columns,p=unrestricted;rate=4;bw=20;fq=8;cpih=none;cw=4;nly=1,p=unrestricted;l=4k-1;s=sublev6bpp;size=4147200;cpih=none;cw=4;fq=8;nly=1;,8,decode,5,0.7027227501384914,106577920,8,4147200,4.0
natural,columns,p=unrestricted;rate=4;bw=20;fq=8;cpih=none;cw=4;nly=1,p=unrestricted;l=4k-1;s=sublev6bpp;size=4147200;cpih=none;cw=4;fq=8;nly=1;,8,decode,6,0.7088071668986231,106561536,8,4147200,4.0
natural,columns,p=unrestricted;rate=4;bw=20;fq=8;cpih=none;cw=4;nly=1,p=unrestricted;l=4k-1;s=sublev6bpp;size=4147200;cpih=none;cw=4;fq=8;nly=1;,8,decode,7,0.7164066249970347,106561536,8,4147200,4.0
natural,columns,p=unrestricted;rate=4;bw=20;fq=8;cpih=none;cw=4;nly=1,p=unrestricted;l=4k-1;s=sublev6bpp;size=4147200;cpih=none;cw=4;fq=8;nly=1;,8,decode,8,0.7099524580407888,106545152,8,4147200,4.0
natural,columns,p=unrestricted;rate=4;bw=20;fq=8;cpih=none;cw=4;nly=1,p=unrestricted;l=4k-1;s=sublev6bpp;size=4147200;cpih=none;cw=4;fq=8;nly=1;,8,decode,9,0.7174367920961231,106561536,8,4147200,4.0
natural,columns,p=unrestricted;rate=4;bw=20;fq=8;cpih=none;cw=4;nly=1,p=unrestricted;l=4k-1;s=sublev6bpp;size=4147200;cpih=none;cw=4;fq=8;nly=1;,8,decode,10,0.7103103750851005,106545152,8,4147200,4.0
high-frequency,full-width,p=unrestricted;rate=4;bw=20;fq=8;cpih=none;cw=0;nly=2,p=unrestricted;l=4k-1;s=sublev6bpp;size=4147200;cpih=none;fq=8;,1,encode,1,1.5326986669097096,132579328,1,4147200,4.0
high-frequency,full-width,p=unrestricted;rate=4;bw=20;fq=8;cpih=none;cw=0;nly=2,p=unrestricted;l=4k-1;s=sublev6bpp;size=4147200;cpih=none;fq=8;,1,encode,2,1.6239866667892784,132562944,1,4147200,4.0
high-frequency,full-width,p=unrestricted;rate=4;bw=20;fq=8;cpih=none;cw=0;nly=2,p=unrestricted;l=4k-1;s=sublev6bpp;size=4147200;cpih=none;fq=8;,1,encode,3,1.5225194171071053,132562944,1,4147200,4.0
high-frequency,full-width,p=unrestricted;rate=4;bw=20;fq=8;cpih=none;cw=0;nly=2,p=unrestricted;l=4k-1;s=sublev6bpp;size=4147200;cpih=none;fq=8;,1,encode,4,1.522085500182584,132546560,1,4147200,4.0
high-frequency,full-width,p=unrestricted;rate=4;bw=20;fq=8;cpih=none;cw=0;nly=2,p=unrestricted;l=4k-1;s=sublev6bpp;size=4147200;cpih=none;fq=8;,1,encode,5,1.559469792060554,132562944,1,4147200,4.0
high-frequency,full-width,p=unrestricted;rate=4;bw=20;fq=8;cpih=none;cw=0;nly=2,p=unrestricted;l=4k-1;s=sublev6bpp;size=4147200;cpih=none;fq=8;,1,encode,6,1.5257536671124399,132546560,1,4147200,4.0
high-frequency,full-width,p=unrestricted;rate=4;bw=20;fq=8;cpih=none;cw=0;nly=2,p=unrestricted;l=4k-1;s=sublev6bpp;size=4147200;cpih=none;fq=8;,1,encode,7,1.5288301669061184,132513792,1,4147200,4.0
high-frequency,full-width,p=unrestricted;rate=4;bw=20;fq=8;cpih=none;cw=0;nly=2,p=unrestricted;l=4k-1;s=sublev6bpp;size=4147200;cpih=none;fq=8;,1,encode,8,1.561540667200461,132579328,1,4147200,4.0
high-frequency,full-width,p=unrestricted;rate=4;bw=20;fq=8;cpih=none;cw=0;nly=2,p=unrestricted;l=4k-1;s=sublev6bpp;size=4147200;cpih=none;fq=8;,1,encode,9,1.5230499589815736,132562944,1,4147200,4.0
high-frequency,full-width,p=unrestricted;rate=4;bw=20;fq=8;cpih=none;cw=0;nly=2,p=unrestricted;l=4k-1;s=sublev6bpp;size=4147200;cpih=none;fq=8;,1,encode,10,1.5194906250108033,132546560,1,4147200,4.0
high-frequency,full-width,p=unrestricted;rate=4;bw=20;fq=8;cpih=none;cw=0;nly=2,p=unrestricted;l=4k-1;s=sublev6bpp;size=4147200;cpih=none;fq=8;,1,decode,1,0.8625192909967154,106348544,1,4147200,4.0
high-frequency,full-width,p=unrestricted;rate=4;bw=20;fq=8;cpih=none;cw=0;nly=2,p=unrestricted;l=4k-1;s=sublev6bpp;size=4147200;cpih=none;fq=8;,1,decode,2,0.8459315001964569,106364928,1,4147200,4.0
high-frequency,full-width,p=unrestricted;rate=4;bw=20;fq=8;cpih=none;cw=0;nly=2,p=unrestricted;l=4k-1;s=sublev6bpp;size=4147200;cpih=none;fq=8;,1,decode,3,0.8426103331148624,106348544,1,4147200,4.0
high-frequency,full-width,p=unrestricted;rate=4;bw=20;fq=8;cpih=none;cw=0;nly=2,p=unrestricted;l=4k-1;s=sublev6bpp;size=4147200;cpih=none;fq=8;,1,decode,4,0.8477120420429856,106364928,1,4147200,4.0
high-frequency,full-width,p=unrestricted;rate=4;bw=20;fq=8;cpih=none;cw=0;nly=2,p=unrestricted;l=4k-1;s=sublev6bpp;size=4147200;cpih=none;fq=8;,1,decode,5,0.8453918339218944,106348544,1,4147200,4.0
high-frequency,full-width,p=unrestricted;rate=4;bw=20;fq=8;cpih=none;cw=0;nly=2,p=unrestricted;l=4k-1;s=sublev6bpp;size=4147200;cpih=none;fq=8;,1,decode,6,0.8451408338733017,106364928,1,4147200,4.0
high-frequency,full-width,p=unrestricted;rate=4;bw=20;fq=8;cpih=none;cw=0;nly=2,p=unrestricted;l=4k-1;s=sublev6bpp;size=4147200;cpih=none;fq=8;,1,decode,7,0.8420761248562485,106332160,1,4147200,4.0
high-frequency,full-width,p=unrestricted;rate=4;bw=20;fq=8;cpih=none;cw=0;nly=2,p=unrestricted;l=4k-1;s=sublev6bpp;size=4147200;cpih=none;fq=8;,1,decode,8,0.8430855001788586,106348544,1,4147200,4.0
high-frequency,full-width,p=unrestricted;rate=4;bw=20;fq=8;cpih=none;cw=0;nly=2,p=unrestricted;l=4k-1;s=sublev6bpp;size=4147200;cpih=none;fq=8;,1,decode,9,0.8461647918447852,106348544,1,4147200,4.0
high-frequency,full-width,p=unrestricted;rate=4;bw=20;fq=8;cpih=none;cw=0;nly=2,p=unrestricted;l=4k-1;s=sublev6bpp;size=4147200;cpih=none;fq=8;,1,decode,10,0.8490317089017481,106348544,1,4147200,4.0
high-frequency,full-width,p=unrestricted;rate=4;bw=20;fq=8;cpih=none;cw=0;nly=2,p=unrestricted;l=4k-1;s=sublev6bpp;size=4147200;cpih=none;fq=8;,2,encode,1,1.4412903331685811,132644864,2,4147200,4.0
high-frequency,full-width,p=unrestricted;rate=4;bw=20;fq=8;cpih=none;cw=0;nly=2,p=unrestricted;l=4k-1;s=sublev6bpp;size=4147200;cpih=none;fq=8;,2,encode,2,1.449693167116493,132644864,2,4147200,4.0
high-frequency,full-width,p=unrestricted;rate=4;bw=20;fq=8;cpih=none;cw=0;nly=2,p=unrestricted;l=4k-1;s=sublev6bpp;size=4147200;cpih=none;fq=8;,2,encode,3,1.4479455000255257,132579328,2,4147200,4.0
high-frequency,full-width,p=unrestricted;rate=4;bw=20;fq=8;cpih=none;cw=0;nly=2,p=unrestricted;l=4k-1;s=sublev6bpp;size=4147200;cpih=none;fq=8;,2,encode,4,1.438758417032659,132612096,2,4147200,4.0
high-frequency,full-width,p=unrestricted;rate=4;bw=20;fq=8;cpih=none;cw=0;nly=2,p=unrestricted;l=4k-1;s=sublev6bpp;size=4147200;cpih=none;fq=8;,2,encode,5,1.4455275000073016,132562944,2,4147200,4.0
high-frequency,full-width,p=unrestricted;rate=4;bw=20;fq=8;cpih=none;cw=0;nly=2,p=unrestricted;l=4k-1;s=sublev6bpp;size=4147200;cpih=none;fq=8;,2,encode,6,1.4714642919134349,132562944,2,4147200,4.0
high-frequency,full-width,p=unrestricted;rate=4;bw=20;fq=8;cpih=none;cw=0;nly=2,p=unrestricted;l=4k-1;s=sublev6bpp;size=4147200;cpih=none;fq=8;,2,encode,7,1.4576262501068413,132644864,2,4147200,4.0
high-frequency,full-width,p=unrestricted;rate=4;bw=20;fq=8;cpih=none;cw=0;nly=2,p=unrestricted;l=4k-1;s=sublev6bpp;size=4147200;cpih=none;fq=8;,2,encode,8,1.4420987078920007,132644864,2,4147200,4.0
high-frequency,full-width,p=unrestricted;rate=4;bw=20;fq=8;cpih=none;cw=0;nly=2,p=unrestricted;l=4k-1;s=sublev6bpp;size=4147200;cpih=none;fq=8;,2,encode,9,1.444505374878645,132562944,2,4147200,4.0
high-frequency,full-width,p=unrestricted;rate=4;bw=20;fq=8;cpih=none;cw=0;nly=2,p=unrestricted;l=4k-1;s=sublev6bpp;size=4147200;cpih=none;fq=8;,2,encode,10,1.4477821248583496,132644864,2,4147200,4.0
high-frequency,full-width,p=unrestricted;rate=4;bw=20;fq=8;cpih=none;cw=0;nly=2,p=unrestricted;l=4k-1;s=sublev6bpp;size=4147200;cpih=none;fq=8;,2,decode,1,0.7672504170332104,106430464,2,4147200,4.0
high-frequency,full-width,p=unrestricted;rate=4;bw=20;fq=8;cpih=none;cw=0;nly=2,p=unrestricted;l=4k-1;s=sublev6bpp;size=4147200;cpih=none;fq=8;,2,decode,2,0.7724592918530107,106430464,2,4147200,4.0
high-frequency,full-width,p=unrestricted;rate=4;bw=20;fq=8;cpih=none;cw=0;nly=2,p=unrestricted;l=4k-1;s=sublev6bpp;size=4147200;cpih=none;fq=8;,2,decode,3,0.7679976250510663,106414080,2,4147200,4.0
high-frequency,full-width,p=unrestricted;rate=4;bw=20;fq=8;cpih=none;cw=0;nly=2,p=unrestricted;l=4k-1;s=sublev6bpp;size=4147200;cpih=none;fq=8;,2,decode,4,0.7670509580057114,106414080,2,4147200,4.0
high-frequency,full-width,p=unrestricted;rate=4;bw=20;fq=8;cpih=none;cw=0;nly=2,p=unrestricted;l=4k-1;s=sublev6bpp;size=4147200;cpih=none;fq=8;,2,decode,5,0.8521758338902146,106430464,2,4147200,4.0
high-frequency,full-width,p=unrestricted;rate=4;bw=20;fq=8;cpih=none;cw=0;nly=2,p=unrestricted;l=4k-1;s=sublev6bpp;size=4147200;cpih=none;fq=8;,2,decode,6,0.7927868338301778,106430464,2,4147200,4.0
high-frequency,full-width,p=unrestricted;rate=4;bw=20;fq=8;cpih=none;cw=0;nly=2,p=unrestricted;l=4k-1;s=sublev6bpp;size=4147200;cpih=none;fq=8;,2,decode,7,0.8070963330101222,106430464,2,4147200,4.0
high-frequency,full-width,p=unrestricted;rate=4;bw=20;fq=8;cpih=none;cw=0;nly=2,p=unrestricted;l=4k-1;s=sublev6bpp;size=4147200;cpih=none;fq=8;,2,decode,8,0.8167687498498708,106430464,2,4147200,4.0
high-frequency,full-width,p=unrestricted;rate=4;bw=20;fq=8;cpih=none;cw=0;nly=2,p=unrestricted;l=4k-1;s=sublev6bpp;size=4147200;cpih=none;fq=8;,2,decode,9,0.8064928748644888,106446848,2,4147200,4.0
high-frequency,full-width,p=unrestricted;rate=4;bw=20;fq=8;cpih=none;cw=0;nly=2,p=unrestricted;l=4k-1;s=sublev6bpp;size=4147200;cpih=none;fq=8;,2,decode,10,0.7729623329360038,106430464,2,4147200,4.0
high-frequency,full-width,p=unrestricted;rate=4;bw=20;fq=8;cpih=none;cw=0;nly=2,p=unrestricted;l=4k-1;s=sublev6bpp;size=4147200;cpih=none;fq=8;,4,encode,1,1.434891042066738,132661248,4,4147200,4.0
high-frequency,full-width,p=unrestricted;rate=4;bw=20;fq=8;cpih=none;cw=0;nly=2,p=unrestricted;l=4k-1;s=sublev6bpp;size=4147200;cpih=none;fq=8;,4,encode,2,1.4130315000656992,132710400,4,4147200,4.0
high-frequency,full-width,p=unrestricted;rate=4;bw=20;fq=8;cpih=none;cw=0;nly=2,p=unrestricted;l=4k-1;s=sublev6bpp;size=4147200;cpih=none;fq=8;,4,encode,3,1.4098748748656362,132628480,4,4147200,4.0
high-frequency,full-width,p=unrestricted;rate=4;bw=20;fq=8;cpih=none;cw=0;nly=2,p=unrestricted;l=4k-1;s=sublev6bpp;size=4147200;cpih=none;fq=8;,4,encode,4,1.4278220830019563,132644864,4,4147200,4.0
high-frequency,full-width,p=unrestricted;rate=4;bw=20;fq=8;cpih=none;cw=0;nly=2,p=unrestricted;l=4k-1;s=sublev6bpp;size=4147200;cpih=none;fq=8;,4,encode,5,1.4194215419702232,132677632,4,4147200,4.0
high-frequency,full-width,p=unrestricted;rate=4;bw=20;fq=8;cpih=none;cw=0;nly=2,p=unrestricted;l=4k-1;s=sublev6bpp;size=4147200;cpih=none;fq=8;,4,encode,6,1.4140770421363413,132644864,4,4147200,4.0
high-frequency,full-width,p=unrestricted;rate=4;bw=20;fq=8;cpih=none;cw=0;nly=2,p=unrestricted;l=4k-1;s=sublev6bpp;size=4147200;cpih=none;fq=8;,4,encode,7,1.4583830409683287,132677632,4,4147200,4.0
high-frequency,full-width,p=unrestricted;rate=4;bw=20;fq=8;cpih=none;cw=0;nly=2,p=unrestricted;l=4k-1;s=sublev6bpp;size=4147200;cpih=none;fq=8;,4,encode,8,1.4126476659439504,132644864,4,4147200,4.0
high-frequency,full-width,p=unrestricted;rate=4;bw=20;fq=8;cpih=none;cw=0;nly=2,p=unrestricted;l=4k-1;s=sublev6bpp;size=4147200;cpih=none;fq=8;,4,encode,9,1.409717874834314,132661248,4,4147200,4.0
high-frequency,full-width,p=unrestricted;rate=4;bw=20;fq=8;cpih=none;cw=0;nly=2,p=unrestricted;l=4k-1;s=sublev6bpp;size=4147200;cpih=none;fq=8;,4,encode,10,1.4162397079635412,132644864,4,4147200,4.0
high-frequency,full-width,p=unrestricted;rate=4;bw=20;fq=8;cpih=none;cw=0;nly=2,p=unrestricted;l=4k-1;s=sublev6bpp;size=4147200;cpih=none;fq=8;,4,decode,1,0.7420780840329826,106463232,4,4147200,4.0
high-frequency,full-width,p=unrestricted;rate=4;bw=20;fq=8;cpih=none;cw=0;nly=2,p=unrestricted;l=4k-1;s=sublev6bpp;size=4147200;cpih=none;fq=8;,4,decode,2,0.7349988331552595,106512384,4,4147200,4.0
high-frequency,full-width,p=unrestricted;rate=4;bw=20;fq=8;cpih=none;cw=0;nly=2,p=unrestricted;l=4k-1;s=sublev6bpp;size=4147200;cpih=none;fq=8;,4,decode,3,0.737941708182916,106496000,4,4147200,4.0
high-frequency,full-width,p=unrestricted;rate=4;bw=20;fq=8;cpih=none;cw=0;nly=2,p=unrestricted;l=4k-1;s=sublev6bpp;size=4147200;cpih=none;fq=8;,4,decode,4,0.7737632500939071,106496000,4,4147200,4.0
high-frequency,full-width,p=unrestricted;rate=4;bw=20;fq=8;cpih=none;cw=0;nly=2,p=unrestricted;l=4k-1;s=sublev6bpp;size=4147200;cpih=none;fq=8;,4,decode,5,0.76148816710338,106496000,4,4147200,4.0
high-frequency,full-width,p=unrestricted;rate=4;bw=20;fq=8;cpih=none;cw=0;nly=2,p=unrestricted;l=4k-1;s=sublev6bpp;size=4147200;cpih=none;fq=8;,4,decode,6,0.7577042079064995,106463232,4,4147200,4.0
high-frequency,full-width,p=unrestricted;rate=4;bw=20;fq=8;cpih=none;cw=0;nly=2,p=unrestricted;l=4k-1;s=sublev6bpp;size=4147200;cpih=none;fq=8;,4,decode,7,0.7821778750512749,106512384,4,4147200,4.0
high-frequency,full-width,p=unrestricted;rate=4;bw=20;fq=8;cpih=none;cw=0;nly=2,p=unrestricted;l=4k-1;s=sublev6bpp;size=4147200;cpih=none;fq=8;,4,decode,8,0.728910791920498,106463232,4,4147200,4.0
high-frequency,full-width,p=unrestricted;rate=4;bw=20;fq=8;cpih=none;cw=0;nly=2,p=unrestricted;l=4k-1;s=sublev6bpp;size=4147200;cpih=none;fq=8;,4,decode,9,0.732978249900043,106512384,4,4147200,4.0
high-frequency,full-width,p=unrestricted;rate=4;bw=20;fq=8;cpih=none;cw=0;nly=2,p=unrestricted;l=4k-1;s=sublev6bpp;size=4147200;cpih=none;fq=8;,4,decode,10,0.7366613750346005,106496000,4,4147200,4.0
high-frequency,full-width,p=unrestricted;rate=4;bw=20;fq=8;cpih=none;cw=0;nly=2,p=unrestricted;l=4k-1;s=sublev6bpp;size=4147200;cpih=none;fq=8;,8,encode,1,1.41153341694735,132775936,8,4147200,4.0
high-frequency,full-width,p=unrestricted;rate=4;bw=20;fq=8;cpih=none;cw=0;nly=2,p=unrestricted;l=4k-1;s=sublev6bpp;size=4147200;cpih=none;fq=8;,8,encode,2,1.420109791914001,132792320,8,4147200,4.0
high-frequency,full-width,p=unrestricted;rate=4;bw=20;fq=8;cpih=none;cw=0;nly=2,p=unrestricted;l=4k-1;s=sublev6bpp;size=4147200;cpih=none;fq=8;,8,encode,3,1.3992070842068642,132857856,8,4147200,4.0
high-frequency,full-width,p=unrestricted;rate=4;bw=20;fq=8;cpih=none;cw=0;nly=2,p=unrestricted;l=4k-1;s=sublev6bpp;size=4147200;cpih=none;fq=8;,8,encode,4,1.398408625042066,132792320,8,4147200,4.0
high-frequency,full-width,p=unrestricted;rate=4;bw=20;fq=8;cpih=none;cw=0;nly=2,p=unrestricted;l=4k-1;s=sublev6bpp;size=4147200;cpih=none;fq=8;,8,encode,5,1.4151980408933014,132808704,8,4147200,4.0
high-frequency,full-width,p=unrestricted;rate=4;bw=20;fq=8;cpih=none;cw=0;nly=2,p=unrestricted;l=4k-1;s=sublev6bpp;size=4147200;cpih=none;fq=8;,8,encode,6,1.4005984170362353,132841472,8,4147200,4.0
high-frequency,full-width,p=unrestricted;rate=4;bw=20;fq=8;cpih=none;cw=0;nly=2,p=unrestricted;l=4k-1;s=sublev6bpp;size=4147200;cpih=none;fq=8;,8,encode,7,1.4028857499361038,132874240,8,4147200,4.0
high-frequency,full-width,p=unrestricted;rate=4;bw=20;fq=8;cpih=none;cw=0;nly=2,p=unrestricted;l=4k-1;s=sublev6bpp;size=4147200;cpih=none;fq=8;,8,encode,8,1.4057111670263112,132874240,8,4147200,4.0
high-frequency,full-width,p=unrestricted;rate=4;bw=20;fq=8;cpih=none;cw=0;nly=2,p=unrestricted;l=4k-1;s=sublev6bpp;size=4147200;cpih=none;fq=8;,8,encode,9,1.4005235000513494,132841472,8,4147200,4.0
high-frequency,full-width,p=unrestricted;rate=4;bw=20;fq=8;cpih=none;cw=0;nly=2,p=unrestricted;l=4k-1;s=sublev6bpp;size=4147200;cpih=none;fq=8;,8,encode,10,1.400446749990806,132775936,8,4147200,4.0
high-frequency,full-width,p=unrestricted;rate=4;bw=20;fq=8;cpih=none;cw=0;nly=2,p=unrestricted;l=4k-1;s=sublev6bpp;size=4147200;cpih=none;fq=8;,8,decode,1,0.733528875047341,106659840,8,4147200,4.0
high-frequency,full-width,p=unrestricted;rate=4;bw=20;fq=8;cpih=none;cw=0;nly=2,p=unrestricted;l=4k-1;s=sublev6bpp;size=4147200;cpih=none;fq=8;,8,decode,2,0.7358450831379741,106659840,8,4147200,4.0
high-frequency,full-width,p=unrestricted;rate=4;bw=20;fq=8;cpih=none;cw=0;nly=2,p=unrestricted;l=4k-1;s=sublev6bpp;size=4147200;cpih=none;fq=8;,8,decode,3,0.7431591670028865,106659840,8,4147200,4.0
high-frequency,full-width,p=unrestricted;rate=4;bw=20;fq=8;cpih=none;cw=0;nly=2,p=unrestricted;l=4k-1;s=sublev6bpp;size=4147200;cpih=none;fq=8;,8,decode,4,0.7312717079184949,106676224,8,4147200,4.0
high-frequency,full-width,p=unrestricted;rate=4;bw=20;fq=8;cpih=none;cw=0;nly=2,p=unrestricted;l=4k-1;s=sublev6bpp;size=4147200;cpih=none;fq=8;,8,decode,5,0.7354325840715319,106659840,8,4147200,4.0
high-frequency,full-width,p=unrestricted;rate=4;bw=20;fq=8;cpih=none;cw=0;nly=2,p=unrestricted;l=4k-1;s=sublev6bpp;size=4147200;cpih=none;fq=8;,8,decode,6,0.7275783331133425,106676224,8,4147200,4.0
high-frequency,full-width,p=unrestricted;rate=4;bw=20;fq=8;cpih=none;cw=0;nly=2,p=unrestricted;l=4k-1;s=sublev6bpp;size=4147200;cpih=none;fq=8;,8,decode,7,0.7477005829568952,106676224,8,4147200,4.0
high-frequency,full-width,p=unrestricted;rate=4;bw=20;fq=8;cpih=none;cw=0;nly=2,p=unrestricted;l=4k-1;s=sublev6bpp;size=4147200;cpih=none;fq=8;,8,decode,8,0.7311282909940928,106676224,8,4147200,4.0
high-frequency,full-width,p=unrestricted;rate=4;bw=20;fq=8;cpih=none;cw=0;nly=2,p=unrestricted;l=4k-1;s=sublev6bpp;size=4147200;cpih=none;fq=8;,8,decode,9,0.7544360409956425,106643456,8,4147200,4.0
high-frequency,full-width,p=unrestricted;rate=4;bw=20;fq=8;cpih=none;cw=0;nly=2,p=unrestricted;l=4k-1;s=sublev6bpp;size=4147200;cpih=none;fq=8;,8,decode,10,0.723678250098601,106676224,8,4147200,4.0
high-frequency,columns,p=unrestricted;rate=4;bw=20;fq=8;cpih=none;cw=4;nly=1,p=unrestricted;l=4k-1;s=sublev6bpp;size=4147200;cpih=none;cw=4;fq=8;nly=1;,1,encode,1,1.7909732500556856,132251648,1,4147200,4.0
high-frequency,columns,p=unrestricted;rate=4;bw=20;fq=8;cpih=none;cw=4;nly=1,p=unrestricted;l=4k-1;s=sublev6bpp;size=4147200;cpih=none;cw=4;fq=8;nly=1;,1,encode,2,1.800326082855463,132268032,1,4147200,4.0
high-frequency,columns,p=unrestricted;rate=4;bw=20;fq=8;cpih=none;cw=4;nly=1,p=unrestricted;l=4k-1;s=sublev6bpp;size=4147200;cpih=none;cw=4;fq=8;nly=1;,1,encode,3,1.7966498748864979,132251648,1,4147200,4.0
high-frequency,columns,p=unrestricted;rate=4;bw=20;fq=8;cpih=none;cw=4;nly=1,p=unrestricted;l=4k-1;s=sublev6bpp;size=4147200;cpih=none;cw=4;fq=8;nly=1;,1,encode,4,1.7954550420399755,132251648,1,4147200,4.0
high-frequency,columns,p=unrestricted;rate=4;bw=20;fq=8;cpih=none;cw=4;nly=1,p=unrestricted;l=4k-1;s=sublev6bpp;size=4147200;cpih=none;cw=4;fq=8;nly=1;,1,encode,5,1.8064212910830975,132251648,1,4147200,4.0
high-frequency,columns,p=unrestricted;rate=4;bw=20;fq=8;cpih=none;cw=4;nly=1,p=unrestricted;l=4k-1;s=sublev6bpp;size=4147200;cpih=none;cw=4;fq=8;nly=1;,1,encode,6,1.794361042091623,132284416,1,4147200,4.0
high-frequency,columns,p=unrestricted;rate=4;bw=20;fq=8;cpih=none;cw=4;nly=1,p=unrestricted;l=4k-1;s=sublev6bpp;size=4147200;cpih=none;cw=4;fq=8;nly=1;,1,encode,7,1.8122964589856565,132300800,1,4147200,4.0
high-frequency,columns,p=unrestricted;rate=4;bw=20;fq=8;cpih=none;cw=4;nly=1,p=unrestricted;l=4k-1;s=sublev6bpp;size=4147200;cpih=none;cw=4;fq=8;nly=1;,1,encode,8,1.7999670838471502,132284416,1,4147200,4.0
high-frequency,columns,p=unrestricted;rate=4;bw=20;fq=8;cpih=none;cw=4;nly=1,p=unrestricted;l=4k-1;s=sublev6bpp;size=4147200;cpih=none;cw=4;fq=8;nly=1;,1,encode,9,1.8005417499225587,132268032,1,4147200,4.0
high-frequency,columns,p=unrestricted;rate=4;bw=20;fq=8;cpih=none;cw=4;nly=1,p=unrestricted;l=4k-1;s=sublev6bpp;size=4147200;cpih=none;cw=4;fq=8;nly=1;,1,encode,10,1.79803212499246,132284416,1,4147200,4.0
high-frequency,columns,p=unrestricted;rate=4;bw=20;fq=8;cpih=none;cw=4;nly=1,p=unrestricted;l=4k-1;s=sublev6bpp;size=4147200;cpih=none;cw=4;fq=8;nly=1;,1,decode,1,0.8572243331000209,106233856,1,4147200,4.0
high-frequency,columns,p=unrestricted;rate=4;bw=20;fq=8;cpih=none;cw=4;nly=1,p=unrestricted;l=4k-1;s=sublev6bpp;size=4147200;cpih=none;cw=4;fq=8;nly=1;,1,decode,2,0.8651135410182178,106233856,1,4147200,4.0
high-frequency,columns,p=unrestricted;rate=4;bw=20;fq=8;cpih=none;cw=4;nly=1,p=unrestricted;l=4k-1;s=sublev6bpp;size=4147200;cpih=none;cw=4;fq=8;nly=1;,1,decode,3,0.8255723339971155,106233856,1,4147200,4.0
high-frequency,columns,p=unrestricted;rate=4;bw=20;fq=8;cpih=none;cw=4;nly=1,p=unrestricted;l=4k-1;s=sublev6bpp;size=4147200;cpih=none;cw=4;fq=8;nly=1;,1,decode,4,0.8201350411400199,106217472,1,4147200,4.0
high-frequency,columns,p=unrestricted;rate=4;bw=20;fq=8;cpih=none;cw=4;nly=1,p=unrestricted;l=4k-1;s=sublev6bpp;size=4147200;cpih=none;cw=4;fq=8;nly=1;,1,decode,5,0.8263080418109894,106233856,1,4147200,4.0
high-frequency,columns,p=unrestricted;rate=4;bw=20;fq=8;cpih=none;cw=4;nly=1,p=unrestricted;l=4k-1;s=sublev6bpp;size=4147200;cpih=none;cw=4;fq=8;nly=1;,1,decode,6,0.8207386250142008,106233856,1,4147200,4.0
high-frequency,columns,p=unrestricted;rate=4;bw=20;fq=8;cpih=none;cw=4;nly=1,p=unrestricted;l=4k-1;s=sublev6bpp;size=4147200;cpih=none;cw=4;fq=8;nly=1;,1,decode,7,0.814601874910295,106233856,1,4147200,4.0
high-frequency,columns,p=unrestricted;rate=4;bw=20;fq=8;cpih=none;cw=4;nly=1,p=unrestricted;l=4k-1;s=sublev6bpp;size=4147200;cpih=none;cw=4;fq=8;nly=1;,1,decode,8,0.8502935408614576,106217472,1,4147200,4.0
high-frequency,columns,p=unrestricted;rate=4;bw=20;fq=8;cpih=none;cw=4;nly=1,p=unrestricted;l=4k-1;s=sublev6bpp;size=4147200;cpih=none;cw=4;fq=8;nly=1;,1,decode,9,0.821301749907434,106250240,1,4147200,4.0
high-frequency,columns,p=unrestricted;rate=4;bw=20;fq=8;cpih=none;cw=4;nly=1,p=unrestricted;l=4k-1;s=sublev6bpp;size=4147200;cpih=none;cw=4;fq=8;nly=1;,1,decode,10,0.8453710409812629,106217472,1,4147200,4.0
high-frequency,columns,p=unrestricted;rate=4;bw=20;fq=8;cpih=none;cw=4;nly=1,p=unrestricted;l=4k-1;s=sublev6bpp;size=4147200;cpih=none;cw=4;fq=8;nly=1;,2,encode,1,1.070423207944259,132317184,2,4147200,4.0
high-frequency,columns,p=unrestricted;rate=4;bw=20;fq=8;cpih=none;cw=4;nly=1,p=unrestricted;l=4k-1;s=sublev6bpp;size=4147200;cpih=none;cw=4;fq=8;nly=1;,2,encode,2,1.068176249973476,132349952,2,4147200,4.0
high-frequency,columns,p=unrestricted;rate=4;bw=20;fq=8;cpih=none;cw=4;nly=1,p=unrestricted;l=4k-1;s=sublev6bpp;size=4147200;cpih=none;cw=4;fq=8;nly=1;,2,encode,3,1.1258422499522567,132366336,2,4147200,4.0
high-frequency,columns,p=unrestricted;rate=4;bw=20;fq=8;cpih=none;cw=4;nly=1,p=unrestricted;l=4k-1;s=sublev6bpp;size=4147200;cpih=none;cw=4;fq=8;nly=1;,2,encode,4,1.1932769580744207,132300800,2,4147200,4.0
high-frequency,columns,p=unrestricted;rate=4;bw=20;fq=8;cpih=none;cw=4;nly=1,p=unrestricted;l=4k-1;s=sublev6bpp;size=4147200;cpih=none;cw=4;fq=8;nly=1;,2,encode,5,1.1162660410627723,132366336,2,4147200,4.0
high-frequency,columns,p=unrestricted;rate=4;bw=20;fq=8;cpih=none;cw=4;nly=1,p=unrestricted;l=4k-1;s=sublev6bpp;size=4147200;cpih=none;cw=4;fq=8;nly=1;,2,encode,6,1.3051305830013007,132382720,2,4147200,4.0
high-frequency,columns,p=unrestricted;rate=4;bw=20;fq=8;cpih=none;cw=4;nly=1,p=unrestricted;l=4k-1;s=sublev6bpp;size=4147200;cpih=none;cw=4;fq=8;nly=1;,2,encode,7,1.0872800420038402,132349952,2,4147200,4.0
high-frequency,columns,p=unrestricted;rate=4;bw=20;fq=8;cpih=none;cw=4;nly=1,p=unrestricted;l=4k-1;s=sublev6bpp;size=4147200;cpih=none;cw=4;fq=8;nly=1;,2,encode,8,1.0844123749993742,132317184,2,4147200,4.0
high-frequency,columns,p=unrestricted;rate=4;bw=20;fq=8;cpih=none;cw=4;nly=1,p=unrestricted;l=4k-1;s=sublev6bpp;size=4147200;cpih=none;cw=4;fq=8;nly=1;,2,encode,9,1.083957000169903,132382720,2,4147200,4.0
high-frequency,columns,p=unrestricted;rate=4;bw=20;fq=8;cpih=none;cw=4;nly=1,p=unrestricted;l=4k-1;s=sublev6bpp;size=4147200;cpih=none;cw=4;fq=8;nly=1;,2,encode,10,1.0848534998949617,132349952,2,4147200,4.0
high-frequency,columns,p=unrestricted;rate=4;bw=20;fq=8;cpih=none;cw=4;nly=1,p=unrestricted;l=4k-1;s=sublev6bpp;size=4147200;cpih=none;cw=4;fq=8;nly=1;,2,decode,1,0.7559090838767588,106299392,2,4147200,4.0
high-frequency,columns,p=unrestricted;rate=4;bw=20;fq=8;cpih=none;cw=4;nly=1,p=unrestricted;l=4k-1;s=sublev6bpp;size=4147200;cpih=none;cw=4;fq=8;nly=1;,2,decode,2,0.7737864579539746,106315776,2,4147200,4.0
high-frequency,columns,p=unrestricted;rate=4;bw=20;fq=8;cpih=none;cw=4;nly=1,p=unrestricted;l=4k-1;s=sublev6bpp;size=4147200;cpih=none;cw=4;fq=8;nly=1;,2,decode,3,0.7797116660512984,106315776,2,4147200,4.0
high-frequency,columns,p=unrestricted;rate=4;bw=20;fq=8;cpih=none;cw=4;nly=1,p=unrestricted;l=4k-1;s=sublev6bpp;size=4147200;cpih=none;cw=4;fq=8;nly=1;,2,decode,4,0.7536863330751657,106332160,2,4147200,4.0
high-frequency,columns,p=unrestricted;rate=4;bw=20;fq=8;cpih=none;cw=4;nly=1,p=unrestricted;l=4k-1;s=sublev6bpp;size=4147200;cpih=none;cw=4;fq=8;nly=1;,2,decode,5,0.7621887079440057,106315776,2,4147200,4.0
high-frequency,columns,p=unrestricted;rate=4;bw=20;fq=8;cpih=none;cw=4;nly=1,p=unrestricted;l=4k-1;s=sublev6bpp;size=4147200;cpih=none;cw=4;fq=8;nly=1;,2,decode,6,0.755985917057842,106283008,2,4147200,4.0
high-frequency,columns,p=unrestricted;rate=4;bw=20;fq=8;cpih=none;cw=4;nly=1,p=unrestricted;l=4k-1;s=sublev6bpp;size=4147200;cpih=none;cw=4;fq=8;nly=1;,2,decode,7,0.7641044170595706,106283008,2,4147200,4.0
high-frequency,columns,p=unrestricted;rate=4;bw=20;fq=8;cpih=none;cw=4;nly=1,p=unrestricted;l=4k-1;s=sublev6bpp;size=4147200;cpih=none;cw=4;fq=8;nly=1;,2,decode,8,0.7622637909371406,106299392,2,4147200,4.0
high-frequency,columns,p=unrestricted;rate=4;bw=20;fq=8;cpih=none;cw=4;nly=1,p=unrestricted;l=4k-1;s=sublev6bpp;size=4147200;cpih=none;cw=4;fq=8;nly=1;,2,decode,9,0.7693663330283016,106299392,2,4147200,4.0
high-frequency,columns,p=unrestricted;rate=4;bw=20;fq=8;cpih=none;cw=4;nly=1,p=unrestricted;l=4k-1;s=sublev6bpp;size=4147200;cpih=none;cw=4;fq=8;nly=1;,2,decode,10,0.785787041997537,106315776,2,4147200,4.0
high-frequency,columns,p=unrestricted;rate=4;bw=20;fq=8;cpih=none;cw=4;nly=1,p=unrestricted;l=4k-1;s=sublev6bpp;size=4147200;cpih=none;cw=4;fq=8;nly=1;,4,encode,1,0.9297828329727054,132333568,4,4147200,4.0
high-frequency,columns,p=unrestricted;rate=4;bw=20;fq=8;cpih=none;cw=4;nly=1,p=unrestricted;l=4k-1;s=sublev6bpp;size=4147200;cpih=none;cw=4;fq=8;nly=1;,4,encode,2,0.9201695828232914,132448256,4,4147200,4.0
high-frequency,columns,p=unrestricted;rate=4;bw=20;fq=8;cpih=none;cw=4;nly=1,p=unrestricted;l=4k-1;s=sublev6bpp;size=4147200;cpih=none;cw=4;fq=8;nly=1;,4,encode,3,0.948036374989897,132415488,4,4147200,4.0
high-frequency,columns,p=unrestricted;rate=4;bw=20;fq=8;cpih=none;cw=4;nly=1,p=unrestricted;l=4k-1;s=sublev6bpp;size=4147200;cpih=none;cw=4;fq=8;nly=1;,4,encode,4,0.8578078339342028,132399104,4,4147200,4.0
high-frequency,columns,p=unrestricted;rate=4;bw=20;fq=8;cpih=none;cw=4;nly=1,p=unrestricted;l=4k-1;s=sublev6bpp;size=4147200;cpih=none;cw=4;fq=8;nly=1;,4,encode,5,0.7035870840772986,132399104,4,4147200,4.0
high-frequency,columns,p=unrestricted;rate=4;bw=20;fq=8;cpih=none;cw=4;nly=1,p=unrestricted;l=4k-1;s=sublev6bpp;size=4147200;cpih=none;cw=4;fq=8;nly=1;,4,encode,6,0.6864174159709364,132448256,4,4147200,4.0
high-frequency,columns,p=unrestricted;rate=4;bw=20;fq=8;cpih=none;cw=4;nly=1,p=unrestricted;l=4k-1;s=sublev6bpp;size=4147200;cpih=none;cw=4;fq=8;nly=1;,4,encode,7,0.7154759590048343,132431872,4,4147200,4.0
high-frequency,columns,p=unrestricted;rate=4;bw=20;fq=8;cpih=none;cw=4;nly=1,p=unrestricted;l=4k-1;s=sublev6bpp;size=4147200;cpih=none;cw=4;fq=8;nly=1;,4,encode,8,0.6856012500356883,132431872,4,4147200,4.0
high-frequency,columns,p=unrestricted;rate=4;bw=20;fq=8;cpih=none;cw=4;nly=1,p=unrestricted;l=4k-1;s=sublev6bpp;size=4147200;cpih=none;cw=4;fq=8;nly=1;,4,encode,9,0.722971917130053,132399104,4,4147200,4.0
high-frequency,columns,p=unrestricted;rate=4;bw=20;fq=8;cpih=none;cw=4;nly=1,p=unrestricted;l=4k-1;s=sublev6bpp;size=4147200;cpih=none;cw=4;fq=8;nly=1;,4,encode,10,0.6845529170241207,132399104,4,4147200,4.0
high-frequency,columns,p=unrestricted;rate=4;bw=20;fq=8;cpih=none;cw=4;nly=1,p=unrestricted;l=4k-1;s=sublev6bpp;size=4147200;cpih=none;cw=4;fq=8;nly=1;,4,decode,1,0.8438626250717789,106364928,4,4147200,4.0
high-frequency,columns,p=unrestricted;rate=4;bw=20;fq=8;cpih=none;cw=4;nly=1,p=unrestricted;l=4k-1;s=sublev6bpp;size=4147200;cpih=none;cw=4;fq=8;nly=1;,4,decode,2,0.9496193751692772,106348544,4,4147200,4.0
high-frequency,columns,p=unrestricted;rate=4;bw=20;fq=8;cpih=none;cw=4;nly=1,p=unrestricted;l=4k-1;s=sublev6bpp;size=4147200;cpih=none;cw=4;fq=8;nly=1;,4,decode,3,0.8360409159213305,106348544,4,4147200,4.0
high-frequency,columns,p=unrestricted;rate=4;bw=20;fq=8;cpih=none;cw=4;nly=1,p=unrestricted;l=4k-1;s=sublev6bpp;size=4147200;cpih=none;cw=4;fq=8;nly=1;,4,decode,4,0.7943950421176851,106364928,4,4147200,4.0
high-frequency,columns,p=unrestricted;rate=4;bw=20;fq=8;cpih=none;cw=4;nly=1,p=unrestricted;l=4k-1;s=sublev6bpp;size=4147200;cpih=none;cw=4;fq=8;nly=1;,4,decode,5,0.7613353340420872,106348544,4,4147200,4.0
high-frequency,columns,p=unrestricted;rate=4;bw=20;fq=8;cpih=none;cw=4;nly=1,p=unrestricted;l=4k-1;s=sublev6bpp;size=4147200;cpih=none;cw=4;fq=8;nly=1;,4,decode,6,0.7656942920293659,106332160,4,4147200,4.0
high-frequency,columns,p=unrestricted;rate=4;bw=20;fq=8;cpih=none;cw=4;nly=1,p=unrestricted;l=4k-1;s=sublev6bpp;size=4147200;cpih=none;cw=4;fq=8;nly=1;,4,decode,7,0.7761883749626577,106348544,4,4147200,4.0
high-frequency,columns,p=unrestricted;rate=4;bw=20;fq=8;cpih=none;cw=4;nly=1,p=unrestricted;l=4k-1;s=sublev6bpp;size=4147200;cpih=none;cw=4;fq=8;nly=1;,4,decode,8,0.7336921249516308,106348544,4,4147200,4.0
high-frequency,columns,p=unrestricted;rate=4;bw=20;fq=8;cpih=none;cw=4;nly=1,p=unrestricted;l=4k-1;s=sublev6bpp;size=4147200;cpih=none;cw=4;fq=8;nly=1;,4,decode,9,0.7395255831070244,106332160,4,4147200,4.0
high-frequency,columns,p=unrestricted;rate=4;bw=20;fq=8;cpih=none;cw=4;nly=1,p=unrestricted;l=4k-1;s=sublev6bpp;size=4147200;cpih=none;cw=4;fq=8;nly=1;,4,decode,10,0.8136361669749022,106332160,4,4147200,4.0
high-frequency,columns,p=unrestricted;rate=4;bw=20;fq=8;cpih=none;cw=4;nly=1,p=unrestricted;l=4k-1;s=sublev6bpp;size=4147200;cpih=none;cw=4;fq=8;nly=1;,8,encode,1,0.7130289999768138,132546560,8,4147200,4.0
high-frequency,columns,p=unrestricted;rate=4;bw=20;fq=8;cpih=none;cw=4;nly=1,p=unrestricted;l=4k-1;s=sublev6bpp;size=4147200;cpih=none;cw=4;fq=8;nly=1;,8,encode,2,0.765380792086944,132530176,8,4147200,4.0
high-frequency,columns,p=unrestricted;rate=4;bw=20;fq=8;cpih=none;cw=4;nly=1,p=unrestricted;l=4k-1;s=sublev6bpp;size=4147200;cpih=none;cw=4;fq=8;nly=1;,8,encode,3,0.7589592919684947,132579328,8,4147200,4.0
high-frequency,columns,p=unrestricted;rate=4;bw=20;fq=8;cpih=none;cw=4;nly=1,p=unrestricted;l=4k-1;s=sublev6bpp;size=4147200;cpih=none;cw=4;fq=8;nly=1;,8,encode,4,0.8041155829560012,132579328,8,4147200,4.0
high-frequency,columns,p=unrestricted;rate=4;bw=20;fq=8;cpih=none;cw=4;nly=1,p=unrestricted;l=4k-1;s=sublev6bpp;size=4147200;cpih=none;cw=4;fq=8;nly=1;,8,encode,5,0.697324207983911,132530176,8,4147200,4.0
high-frequency,columns,p=unrestricted;rate=4;bw=20;fq=8;cpih=none;cw=4;nly=1,p=unrestricted;l=4k-1;s=sublev6bpp;size=4147200;cpih=none;cw=4;fq=8;nly=1;,8,encode,6,0.7405311660841107,132546560,8,4147200,4.0
high-frequency,columns,p=unrestricted;rate=4;bw=20;fq=8;cpih=none;cw=4;nly=1,p=unrestricted;l=4k-1;s=sublev6bpp;size=4147200;cpih=none;cw=4;fq=8;nly=1;,8,encode,7,0.6970361249987036,132546560,8,4147200,4.0
high-frequency,columns,p=unrestricted;rate=4;bw=20;fq=8;cpih=none;cw=4;nly=1,p=unrestricted;l=4k-1;s=sublev6bpp;size=4147200;cpih=none;cw=4;fq=8;nly=1;,8,encode,8,0.7088853330351412,132595712,8,4147200,4.0
high-frequency,columns,p=unrestricted;rate=4;bw=20;fq=8;cpih=none;cw=4;nly=1,p=unrestricted;l=4k-1;s=sublev6bpp;size=4147200;cpih=none;cw=4;fq=8;nly=1;,8,encode,9,0.689257417107001,132546560,8,4147200,4.0
high-frequency,columns,p=unrestricted;rate=4;bw=20;fq=8;cpih=none;cw=4;nly=1,p=unrestricted;l=4k-1;s=sublev6bpp;size=4147200;cpih=none;cw=4;fq=8;nly=1;,8,encode,10,0.7130787500645965,132579328,8,4147200,4.0
high-frequency,columns,p=unrestricted;rate=4;bw=20;fq=8;cpih=none;cw=4;nly=1,p=unrestricted;l=4k-1;s=sublev6bpp;size=4147200;cpih=none;cw=4;fq=8;nly=1;,8,decode,1,0.7766899580601603,106512384,8,4147200,4.0
high-frequency,columns,p=unrestricted;rate=4;bw=20;fq=8;cpih=none;cw=4;nly=1,p=unrestricted;l=4k-1;s=sublev6bpp;size=4147200;cpih=none;cw=4;fq=8;nly=1;,8,decode,2,0.7591162919998169,106528768,8,4147200,4.0
high-frequency,columns,p=unrestricted;rate=4;bw=20;fq=8;cpih=none;cw=4;nly=1,p=unrestricted;l=4k-1;s=sublev6bpp;size=4147200;cpih=none;cw=4;fq=8;nly=1;,8,decode,3,0.7203602918889374,106528768,8,4147200,4.0
high-frequency,columns,p=unrestricted;rate=4;bw=20;fq=8;cpih=none;cw=4;nly=1,p=unrestricted;l=4k-1;s=sublev6bpp;size=4147200;cpih=none;cw=4;fq=8;nly=1;,8,decode,4,0.7421274159569293,106528768,8,4147200,4.0
high-frequency,columns,p=unrestricted;rate=4;bw=20;fq=8;cpih=none;cw=4;nly=1,p=unrestricted;l=4k-1;s=sublev6bpp;size=4147200;cpih=none;cw=4;fq=8;nly=1;,8,decode,5,0.7245234169531614,106512384,8,4147200,4.0
high-frequency,columns,p=unrestricted;rate=4;bw=20;fq=8;cpih=none;cw=4;nly=1,p=unrestricted;l=4k-1;s=sublev6bpp;size=4147200;cpih=none;cw=4;fq=8;nly=1;,8,decode,6,0.7415426250081509,106545152,8,4147200,4.0
high-frequency,columns,p=unrestricted;rate=4;bw=20;fq=8;cpih=none;cw=4;nly=1,p=unrestricted;l=4k-1;s=sublev6bpp;size=4147200;cpih=none;cw=4;fq=8;nly=1;,8,decode,7,0.7208215841092169,106512384,8,4147200,4.0
high-frequency,columns,p=unrestricted;rate=4;bw=20;fq=8;cpih=none;cw=4;nly=1,p=unrestricted;l=4k-1;s=sublev6bpp;size=4147200;cpih=none;cw=4;fq=8;nly=1;,8,decode,8,0.7218169171828777,106512384,8,4147200,4.0
high-frequency,columns,p=unrestricted;rate=4;bw=20;fq=8;cpih=none;cw=4;nly=1,p=unrestricted;l=4k-1;s=sublev6bpp;size=4147200;cpih=none;cw=4;fq=8;nly=1;,8,decode,9,0.7195737499278039,106512384,8,4147200,4.0
high-frequency,columns,p=unrestricted;rate=4;bw=20;fq=8;cpih=none;cw=4;nly=1,p=unrestricted;l=4k-1;s=sublev6bpp;size=4147200;cpih=none;cw=4;fq=8;nly=1;,8,decode,10,0.7175318750087172,106528768,8,4147200,4.0
