timestamp,type,temp_mC
1790689885.981242268,soc-thermal,39769
1790689885.981242268,bigcore0-thermal,39769
1790689885.981242268,bigcore1-thermal,39769
1790689885.981242268,littlecore-thermal,39769
1790689885.981242268,center-thermal,38846
1790689885.981242268,gpu-thermal,38846
1790689885.981242268,npu-thermal,38846
1790689887.008000023,soc-thermal,46230
1790689887.008000023,bigcore0-thermal,49000
1790689887.008000023,bigcore1-thermal,48076
1790689887.008000023,littlecore-thermal,47153
1790689887.008000023,center-thermal,44384
1790689887.008000023,gpu-thermal,42538
1790689887.008000023,npu-thermal,43461
1790689888.075323160,soc-thermal,49000
1790689888.075323160,bigcore0-thermal,50846
1790689888.075323160,bigcore1-thermal,51769
1790689888.075323160,littlecore-thermal,49923
1790689888.075323160,center-thermal,46230
1790689888.075323160,gpu-thermal,45307
1790689888.075323160,npu-thermal,46230
1790689889.138099853,soc-thermal,49923
1790689889.138099853,bigcore0-thermal,52692
1790689889.138099853,bigcore1-thermal,52692
1790689889.138099853,littlecore-thermal,51769
1790689889.138099853,center-thermal,48076
1790689889.138099853,gpu-thermal,46230
1790689889.138099853,npu-thermal,48076
1790689890.222226287,soc-thermal,52692
1790689890.222226287,bigcore0-thermal,54538
1790689890.222226287,bigcore1-thermal,54538
1790689890.222226287,littlecore-thermal,52692
1790689890.222226287,center-thermal,49000
1790689890.222226287,gpu-thermal,48076
1790689890.222226287,npu-thermal,49923
1790689891.284956605,soc-thermal,52692
1790689891.284956605,bigcore0-thermal,55461
1790689891.284956605,bigcore1-thermal,55461
1790689891.284956605,littlecore-thermal,54538
1790689891.284956605,center-thermal,50846
1790689891.284956605,gpu-thermal,49923
1790689891.284956605,npu-thermal,50846
1790689892.357081393,soc-thermal,54538
1790689892.357081393,bigcore0-thermal,56384
1790689892.357081393,bigcore1-thermal,56384
1790689892.357081393,littlecore-thermal,55461
1790689892.357081393,center-thermal,51769
1790689892.357081393,gpu-thermal,49923
1790689892.357081393,npu-thermal,51769
1790689893.424328698,soc-thermal,55461
1790689893.424328698,bigcore0-thermal,57307
1790689893.424328698,bigcore1-thermal,57307
1790689893.424328698,littlecore-thermal,55461
1790689893.424328698,center-thermal,52692
1790689893.424328698,gpu-thermal,50846
1790689893.424328698,npu-thermal,52692
1790689894.490104563,soc-thermal,56384
1790689894.490104563,bigcore0-thermal,58230
1790689894.490104563,bigcore1-thermal,58230
1790689894.490104563,littlecore-thermal,56384
1790689894.490104563,center-thermal,53615
1790689894.490104563,gpu-thermal,51769
1790689894.490104563,npu-thermal,53615
1790689895.571530196,soc-thermal,57307
1790689895.571530196,bigcore0-thermal,59153
1790689895.571530196,bigcore1-thermal,59153
1790689895.571530196,littlecore-thermal,57307
1790689895.571530196,center-thermal,54538
1790689895.571530196,gpu-thermal,52692
1790689895.571530196,npu-thermal,54538
1790689896.643125032,soc-thermal,58230
1790689896.643125032,bigcore0-thermal,60076
1790689896.643125032,bigcore1-thermal,60076
1790689896.643125032,littlecore-thermal,58230
1790689896.643125032,center-thermal,54538
1790689896.643125032,gpu-thermal,53615
1790689896.643125032,npu-thermal,55461
1790689897.709863093,soc-thermal,58230
1790689897.709863093,bigcore0-thermal,60076
1790689897.709863093,bigcore1-thermal,61000
1790689897.709863093,littlecore-thermal,59153
1790689897.709863093,center-thermal,55461
1790689897.709863093,gpu-thermal,54538
1790689897.709863093,npu-thermal,55461
1790689898.791786887,soc-thermal,59153
1790689898.791786887,bigcore0-thermal,61000
1790689898.791786887,bigcore1-thermal,61000
1790689898.791786887,littlecore-thermal,59153
1790689898.791786887,center-thermal,56384
1790689898.791786887,gpu-thermal,54538
1790689898.791786887,npu-thermal,56384
1790689899.870223265,soc-thermal,59153
1790689899.870223265,bigcore0-thermal,61923
1790689899.870223265,bigcore1-thermal,61923
1790689899.870223265,littlecore-thermal,60076
1790689899.870223265,center-thermal,56384
1790689899.870223265,gpu-thermal,55461
1790689899.870223265,npu-thermal,56384
1790689900.940149787,soc-thermal,59153
1790689900.940149787,bigcore0-thermal,61923
1790689900.940149787,bigcore1-thermal,61923
1790689900.940149787,littlecore-thermal,61000
1790689900.940149787,center-thermal,57307
1790689900.940149787,gpu-thermal,56384
1790689900.940149787,npu-thermal,57307
1790689902.020105730,soc-thermal,60076
1790689902.020105730,bigcore0-thermal,62846
1790689902.020105730,bigcore1-thermal,62846
1790689902.020105730,littlecore-thermal,61000
1790689902.020105730,center-thermal,57307
1790689902.020105730,gpu-thermal,56384
1790689902.020105730,npu-thermal,58230
1790689903.099387348,soc-thermal,61000
1790689903.099387348,bigcore0-thermal,62846
1790689903.099387348,bigcore1-thermal,62846
1790689903.099387348,littlecore-thermal,61923
1790689903.099387348,center-thermal,58230
1790689903.099387348,gpu-thermal,57307
1790689903.099387348,npu-thermal,58230
1790689904.166223116,soc-thermal,60076
1790689904.166223116,bigcore0-thermal,62846
1790689904.166223116,bigcore1-thermal,62846
1790689904.166223116,littlecore-thermal,61000
1790689904.166223116,center-thermal,58230
1790689904.166223116,gpu-thermal,56384
1790689904.166223116,npu-thermal,58230
1790689905.214895272,soc-thermal,60076
1790689905.214895272,bigcore0-thermal,61923
1790689905.214895272,bigcore1-thermal,61000
1790689905.214895272,littlecore-thermal,60076
1790689905.214895272,center-thermal,57307
1790689905.214895272,gpu-thermal,56384
1790689905.214895272,npu-thermal,57307
1790689906.266748597,soc-thermal,59153
1790689906.266748597,bigcore0-thermal,61923
1790689906.266748597,bigcore1-thermal,61923
1790689906.266748597,littlecore-thermal,61000
1790689906.266748597,center-thermal,58230
1790689906.266748597,gpu-thermal,56384
1790689906.266748597,npu-thermal,58230
1790689907.322500000,soc-thermal,61000
1790689907.322500000,bigcore0-thermal,62846
1790689907.322500000,bigcore1-thermal,62846
1790689907.322500000,littlecore-thermal,61923
1790689907.322500000,center-thermal,58230
1790689907.322500000,gpu-thermal,57307
1790689907.322500000,npu-thermal,58230
1790689908.379473180,soc-thermal,60076
1790689908.379473180,bigcore0-thermal,62846
1790689908.379473180,bigcore1-thermal,62846
1790689908.379473180,littlecore-thermal,61000
1790689908.379473180,center-thermal,58230
1790689908.379473180,gpu-thermal,57307
1790689908.379473180,npu-thermal,58230
1790689909.441142428,soc-thermal,61000
1790689909.441142428,bigcore0-thermal,62846
1790689909.441142428,bigcore1-thermal,62846
1790689909.441142428,littlecore-thermal,61000
1790689909.441142428,center-thermal,58230
1790689909.441142428,gpu-thermal,57307
1790689909.441142428,npu-thermal,58230
1790689910.492321719,soc-thermal,61000
1790689910.492321719,bigcore0-thermal,63769
1790689910.492321719,bigcore1-thermal,62846
1790689910.492321719,littlecore-thermal,61923
1790689910.492321719,center-thermal,59153
1790689910.492321719,gpu-thermal,57307
1790689910.492321719,npu-thermal,59153
1790689911.548976111,soc-thermal,61000
1790689911.548976111,bigcore0-thermal,63769
1790689911.548976111,bigcore1-thermal,63769
1790689911.548976111,littlecore-thermal,62846
1790689911.548976111,center-thermal,59153
1790689911.548976111,gpu-thermal,58230
1790689911.548976111,npu-thermal,59153
1790689912.600522315,soc-thermal,61000
1790689912.600522315,bigcore0-thermal,63769
1790689912.600522315,bigcore1-thermal,63769
1790689912.600522315,littlecore-thermal,61923
1790689912.600522315,center-thermal,59153
1790689912.600522315,gpu-thermal,58230
1790689912.600522315,npu-thermal,59153
1790689913.670900333,soc-thermal,61000
1790689913.670900333,bigcore0-thermal,62846
1790689913.670900333,bigcore1-thermal,62846
1790689913.670900333,littlecore-thermal,61923
1790689913.670900333,center-thermal,59153
1790689913.670900333,gpu-thermal,58230
1790689913.670900333,npu-thermal,59153
1790689914.718794331,soc-thermal,61923
1790689914.718794331,bigcore0-thermal,63769
1790689914.718794331,bigcore1-thermal,63769
1790689914.718794331,littlecore-thermal,61923
1790689914.718794331,center-thermal,59153
1790689914.718794331,gpu-thermal,58230
1790689914.718794331,npu-thermal,59153
1790689915.781653564,soc-thermal,61923
1790689915.781653564,bigcore0-thermal,63769
1790689915.781653564,bigcore1-thermal,63769
1790689915.781653564,littlecore-thermal,61923
1790689915.781653564,center-thermal,59153
1790689915.781653564,gpu-thermal,58230
1790689915.781653564,npu-thermal,59153
1790689916.839064531,soc-thermal,61923
1790689916.839064531,bigcore0-thermal,63769
1790689916.839064531,bigcore1-thermal,64692
1790689916.839064531,littlecore-thermal,62846
1790689916.839064531,center-thermal,60076
1790689916.839064531,gpu-thermal,58230
1790689916.839064531,npu-thermal,60076
1790689917.897350194,soc-thermal,61923
1790689917.897350194,bigcore0-thermal,64692
1790689917.897350194,bigcore1-thermal,64692
1790689917.897350194,littlecore-thermal,62846
1790689917.897350194,center-thermal,60076
1790689917.897350194,gpu-thermal,59153
1790689917.897350194,npu-thermal,60076
1790689918.952914058,soc-thermal,61923
1790689918.952914058,bigcore0-thermal,63769
1790689918.952914058,bigcore1-thermal,63769
1790689918.952914058,littlecore-thermal,62846
1790689918.952914058,center-thermal,60076
1790689918.952914058,gpu-thermal,59153
1790689918.952914058,npu-thermal,60076
1790689920.012102711,soc-thermal,62846
1790689920.012102711,bigcore0-thermal,64692
1790689920.012102711,bigcore1-thermal,64692
1790689920.012102711,littlecore-thermal,63769
1790689920.012102711,center-thermal,60076
1790689920.012102711,gpu-thermal,59153
1790689920.012102711,npu-thermal,60076
1790689921.068732312,soc-thermal,61923
1790689921.068732312,bigcore0-thermal,64692
1790689921.068732312,bigcore1-thermal,64692
1790689921.068732312,littlecore-thermal,62846
1790689921.068732312,center-thermal,60076
1790689921.068732312,gpu-thermal,59153
1790689921.068732312,npu-thermal,60076
1790689922.122769610,soc-thermal,62846
1790689922.122769610,bigcore0-thermal,64692
1790689922.122769610,bigcore1-thermal,64692
1790689922.122769610,littlecore-thermal,63769
1790689922.122769610,center-thermal,60076
1790689922.122769610,gpu-thermal,59153
1790689922.122769610,npu-thermal,60076
1790689923.181303480,soc-thermal,62846
1790689923.181303480,bigcore0-thermal,64692
1790689923.181303480,bigcore1-thermal,64692
1790689923.181303480,littlecore-thermal,62846
1790689923.181303480,center-thermal,60076
1790689923.181303480,gpu-thermal,59153
1790689923.181303480,npu-thermal,60076
