frame,encode_ms,queue_ms,decode_assemble_ms,latency_ms,schedule_late_ms,complete_ms,checksum,checksum_sampled
0,14.643708,0.092167,15.780042,30.515917,0.053006,18945225.009219,29a111b6ccb56ac5,1
1,14.747250,0.053084,15.746500,30.546834,0.054595,18945241.708594,0000000000000000,0
2,14.756000,0.009042,15.881250,30.646292,0.054726,18945258.475052,0000000000000000,0
3,14.779625,0.051917,15.778291,30.609833,0.054273,18945275.105010,0000000000000000,0
4,14.780500,0.009625,15.822333,30.612458,0.054403,18945291.774635,0000000000000000,0
5,14.822792,0.052500,15.794333,30.669625,0.054535,18945308.498802,0000000000000000,0
6,14.779042,0.051625,15.841000,30.671667,0.054665,18945325.167552,0000000000000000,0
7,14.813167,0.009041,15.811542,30.633750,0.054795,18945341.796927,0000000000000000,0
8,14.771750,0.009333,15.858792,30.639875,0.054343,18945358.469469,0000000000000000,0
9,14.775250,0.052791,15.849167,30.677208,0.054474,18945375.173802,0000000000000000,0
10,14.821333,0.053084,15.834875,30.709292,0.054312,18945391.872594,0000000000000000,0
11,14.804709,0.053375,15.821750,30.679834,0.054444,18945408.509844,0000000000000000,0
12,14.778750,0.009042,15.825541,30.613333,0.054866,18945425.110635,0000000000000000,0
13,14.772042,0.051041,15.781209,30.604292,0.054121,18945441.767719,0000000000000000,0
14,14.817250,0.050459,15.856750,30.724459,0.054544,18945458.555469,0000000000000000,0
15,14.824542,0.052791,15.861125,30.738458,0.054383,18945475.235885,0000000000000000,0
16,14.766500,0.009041,15.750292,30.525833,0.054513,18945491.690552,0000000000000000,0
17,14.782250,0.049875,15.887959,30.720084,0.054353,18945508.551219,0000000000000000,0
18,14.802667,0.051333,15.743583,30.597583,0.054483,18945525.096010,0000000000000000,0
19,14.865959,0.011083,15.809500,30.686542,0.054322,18945541.851677,0000000000000000,0
20,14.835334,0.009041,15.759042,30.603417,0.054453,18945558.435552,0000000000000000,0
21,14.754542,0.053375,15.857916,30.665833,0.054875,18945575.165260,0000000000000000,0
22,14.768542,0.053083,15.855000,30.676625,0.054422,18945591.842177,0000000000000000,0
23,14.793916,0.009334,15.804833,30.608083,0.054553,18945608.440927,0000000000000000,0
24,14.782250,0.052208,15.842751,30.677209,0.054392,18945625.176761,0000000000000000,0
25,14.791000,0.008750,15.804250,30.604000,0.054814,18945641.770844,0000000000000000,0
26,14.784291,0.009334,15.744750,30.538375,0.054362,18945658.371636,0000000000000000,0
27,14.791000,0.053958,15.847417,30.692375,0.054492,18945675.192636,0000000000000000,0
28,14.776416,0.053667,15.801042,30.631125,0.054622,18945691.798386,0000000000000000,0
29,14.776709,0.051625,15.856458,30.684792,0.054170,18945708.518469,0000000000000000,0
30,14.797125,0.009042,15.815625,30.621792,0.054884,18945725.122761,0000000000000000,0
31,14.805000,0.009042,15.768667,30.582709,0.054723,18945741.750386,0000000000000000,0
32,14.800042,0.051916,15.760209,30.612167,0.054271,18945758.446261,0000000000000000,0
33,14.799750,0.008458,15.730459,30.538667,0.054401,18945775.039761,0000000000000000,0
34,14.796250,0.055125,15.861417,30.712792,0.054823,18945791.881469,0000000000000000,0
35,14.821041,0.009042,15.787625,30.617708,0.054663,18945808.453094,0000000000000000,0
36,14.779042,0.053375,15.846833,30.679250,0.054793,18945825.181344,0000000000000000,0
37,14.755416,0.009334,15.820875,30.585625,0.054340,18945841.754136,0000000000000000,0
38,14.771750,0.049875,15.823500,30.645125,0.054471,18945858.480636,0000000000000000,0
39,14.770875,0.009333,15.839250,30.619458,0.054602,18945875.121969,0000000000000000,0
40,14.770000,0.052208,15.801917,30.624125,0.054440,18945891.793344,0000000000000000,0
41,14.784583,0.053375,15.833709,30.671667,0.055155,18945908.508761,0000000000000000,0
42,14.772041,0.009042,15.822042,30.603125,0.054702,18945925.106636,0000000000000000,0
43,14.781958,0.052500,15.846834,30.681292,0.054541,18945941.851511,0000000000000000,0
44,14.776416,0.008750,15.805709,30.590875,0.055255,18945958.428386,0000000000000000,0
45,14.772625,0.049000,15.852375,30.674000,0.054802,18945975.178219,0000000000000000,0
46,14.797417,0.009041,15.804250,30.610708,0.054349,18945991.781052,0000000000000000,0
47,14.786916,0.009042,15.664250,30.460208,0.054772,18946008.297844,0000000000000000,0
48,14.778750,0.051334,15.843041,30.673125,0.054319,18946025.177177,0000000000000000,0
49,14.797708,0.008750,15.837500,30.643958,0.054741,18946041.815302,0000000000000000,0
50,14.784000,0.009333,15.744167,30.537500,0.054872,18946058.376136,0000000000000000,0
51,14.788084,0.008750,15.757000,30.553834,0.054711,18946075.058886,0000000000000000,0
52,14.768834,0.053958,15.829042,30.651834,0.054841,18946091.823886,0000000000000000,0
53,14.828625,0.008750,15.859959,30.697334,0.054973,18946108.536386,0000000000000000,0
54,14.774667,0.008750,15.719375,30.502792,0.054811,18946125.008844,0000000000000000,0
55,14.757459,0.050166,15.824375,30.632000,0.054358,18946141.804177,0000000000000000,0
56,14.796542,0.053083,15.797250,30.646875,0.054490,18946158.486344,0000000000000000,0
57,14.790125,0.009625,15.753792,30.553542,0.054912,18946175.060011,0000000000000000,0
58,14.786041,0.052500,15.775375,30.613916,0.054459,18946191.786802,0000000000000000,0
59,14.777583,0.052209,15.808625,30.638417,0.055173,18946208.478886,0000000000000000,0
60,14.785458,0.052500,15.858500,30.696458,0.054429,18946225.203344,0000000000000000,0
61,14.770583,0.008458,15.810084,30.589125,0.054851,18946241.763011,0000000000000000,0
62,14.784583,0.051333,15.766917,30.602833,0.054690,18946258.443719,0000000000000000,0
63,14.761834,0.050458,15.666583,30.478875,0.054529,18946274.986177,0000000000000000,0
64,14.809959,0.009333,15.893208,30.712500,0.054659,18946291.886802,0000000000000000,0
65,14.799750,0.052208,15.809209,30.661167,0.054207,18946308.501886,0000000000000000,0
66,14.783416,0.051917,15.927334,30.762667,0.054629,18946325.270678,0000000000000000,0
67,14.794500,0.009042,15.810083,30.613625,0.054760,18946341.788636,0000000000000000,0
68,14.782542,0.053666,15.773625,30.609833,0.054891,18946358.451844,0000000000000000,0
69,14.775834,0.052791,15.795500,30.624125,0.054730,18946375.132844,0000000000000000,0
70,14.786333,0.009042,15.833125,30.628500,0.054860,18946391.804511,0000000000000000,0
71,14.771458,0.052792,15.835750,30.660000,0.054408,18946408.502136,0000000000000000,0
72,14.779333,0.051917,15.833708,30.664958,0.054830,18946425.174386,0000000000000000,0
73,14.787209,0.009625,15.787916,30.584750,0.054377,18946441.760594,0000000000000000,0
74,14.789541,0.052500,15.808625,30.650666,0.055092,18946458.494094,0000000000000000,0
75,14.799750,0.009333,15.806000,30.615083,0.054930,18946475.125219,0000000000000000,0
76,14.789250,0.009625,15.835750,30.634625,0.054477,18946491.811178,0000000000000000,0
77,14.793042,0.051917,15.797250,30.642209,0.054609,18946508.486053,0000000000000000,0
78,14.826292,0.051041,15.813584,30.690917,0.054447,18946525.201178,0000000000000000,0
79,14.804125,0.053083,15.849459,30.706667,0.054286,18946541.883928,0000000000000000,0
80,14.799459,0.009625,15.826708,30.635792,0.054417,18946558.479761,0000000000000000,0
81,14.804417,0.053958,15.779167,30.637542,0.054548,18946575.148511,0000000000000000,0
82,14.798875,0.008750,15.731917,30.539542,0.054678,18946591.717511,0000000000000000,0
83,14.801209,0.053375,15.815625,30.670209,0.054809,18946608.515178,0000000000000000,0
84,14.781375,0.051625,15.846542,30.679542,0.054939,18946625.191511,0000000000000000,0
85,14.800625,0.053083,15.782667,30.636375,0.054195,18946641.814761,0000000000000000,0
86,14.838250,0.053958,15.811834,30.704042,0.054618,18946658.549428,0000000000000000,0
87,14.838833,0.009334,15.809791,30.657958,0.054748,18946675.170344,0000000000000000,0
88,14.829791,0.009042,15.820583,30.659416,0.054878,18946691.839094,0000000000000000,0
89,14.765042,0.052208,15.783833,30.601083,0.054718,18946708.447469,0000000000000000,0
90,14.807041,0.052792,15.805708,30.665541,0.054557,18946725.178344,0000000000000000,0
91,14.836500,0.009042,15.676208,30.521750,0.054979,18946741.701844,0000000000000000,0
92,14.824250,0.011083,15.921792,30.757125,0.054818,18946758.603928,0000000000000000,0
93,14.794500,0.053667,15.845083,30.693250,0.055240,18946775.207636,0000000000000000,0
94,14.814041,0.009625,15.761084,30.584750,0.054787,18946791.765553,0000000000000000,0
95,14.818125,0.009042,15.862875,30.690042,0.054335,18946808.537261,0000000000000000,0
96,14.807041,0.009042,16.203833,31.019916,0.054466,18946825.533844,0000000000000000,0
97,14.796250,0.050167,15.932000,30.778417,0.054596,18946841.959636,0000000000000000,0
98,14.851375,0.009042,15.854125,30.714542,0.054727,18946858.562761,0000000000000000,0
99,14.760959,0.009041,15.737167,30.507167,0.054858,18946875.022386,0000000000000000,0
100,14.810250,0.053084,15.796666,30.660000,0.054113,18946891.841344,29a111b6ccb56ac5,1
101,14.837375,0.010792,15.821458,30.669625,0.055119,18946908.518844,0000000000000000,0
102,14.814916,0.051917,15.932000,30.798833,0.054083,18946925.313886,0000000000000000,0
103,14.846708,0.052500,15.915375,30.814583,0.054213,18946941.996636,0000000000000000,0
104,14.861583,0.052500,15.977792,30.891875,0.054053,18946958.740636,0000000000000000,0
105,14.846417,0.051041,15.822917,30.720375,0.054475,18946975.236136,0000000000000000,0
106,14.844083,0.009333,15.732792,30.586208,0.054605,18946991.769261,0000000000000000,0
107,14.829208,0.051334,15.800458,30.681000,0.054445,18947008.530761,0000000000000000,0
108,14.811417,0.053375,15.946584,30.811376,0.055159,18947025.328720,0000000000000000,0
109,14.832417,0.009334,15.830208,30.671959,0.054414,18947041.855428,0000000000000000,0
110,14.804125,0.009042,15.811250,30.624417,0.054254,18947058.474595,0000000000000000,0
111,14.828625,0.051917,15.757000,30.637542,0.054092,18947075.154428,0000000000000000,0
112,14.836209,0.052208,15.768958,30.657375,0.054223,18947091.841261,0000000000000000,0
113,14.816375,0.008750,15.656667,30.481792,0.054354,18947108.332678,0000000000000000,0
114,14.796250,0.009334,16.185750,30.991334,0.054484,18947125.509220,0000000000000000,0
115,14.928667,0.009333,15.735417,30.673417,0.054614,18947141.858303,0000000000000000,0
116,14.814625,0.011958,15.599208,30.425791,0.054454,18947158.277386,0000000000000000,0
117,14.857208,0.008458,15.687584,30.553250,0.054584,18947175.071845,0000000000000000,0
118,14.815792,0.051041,15.689625,30.556458,0.054423,18947191.741761,0000000000000000,0
119,14.841750,0.049583,15.569459,30.460792,0.054554,18947208.313095,0000000000000000,0
120,14.819000,0.050458,15.694000,30.563458,0.054976,18947225.082761,0000000000000000,0
121,14.806167,0.050750,15.822917,30.679834,0.054523,18947241.865845,0000000000000000,0
122,16.092708,0.053375,16.109625,32.255708,0.054946,18947260.109011,0000000000000000,0
123,14.802375,0.788375,16.197416,31.788166,0.055368,18947276.308761,0000000000000000,0
124,14.808208,0.315583,15.968167,31.091958,0.054624,18947292.278678,0000000000000000,0
125,14.824541,0.009042,15.692250,30.525833,0.054755,18947308.379553,0000000000000000,0
126,14.817250,0.009042,15.693708,30.520000,0.054594,18947325.040136,0000000000000000,0
127,14.833291,0.053959,15.764000,30.651250,0.054141,18947341.838095,0000000000000000,0
128,14.806166,0.053375,15.836625,30.696166,0.054564,18947358.550011,0000000000000000,0
129,14.823083,0.051917,15.811250,30.686250,0.054111,18947375.206803,0000000000000000,0
130,14.843792,0.052792,15.795791,30.692375,0.055116,18947391.880511,0000000000000000,0
131,14.828333,0.009042,15.778875,30.616250,0.054664,18947408.470803,0000000000000000,0
132,14.810250,0.008459,15.679125,30.497834,0.054503,18947425.019095,0000000000000000,0
133,14.769708,0.051917,15.729875,30.551500,0.054341,18947441.739470,0000000000000000,0
134,14.831250,0.053084,15.957958,30.842292,0.054473,18947458.697553,0000000000000000,0
135,14.856333,0.051917,15.770125,30.678375,0.054895,18947475.200928,0000000000000000,0
136,14.852541,0.052792,15.781500,30.686833,0.054733,18947491.875803,0000000000000000,0
137,14.832416,0.052500,15.768375,30.653291,0.054865,18947508.509261,0000000000000000,0
138,14.855750,0.009041,15.796084,30.660875,0.054120,18947525.182970,0000000000000000,0
139,14.855167,0.051917,15.751166,30.658250,0.054542,18947541.847636,0000000000000000,0
140,14.828917,0.052500,15.897000,30.778417,0.054382,18947558.634803,0000000000000000,0
141,14.837083,0.051334,15.816791,30.705208,0.054220,18947575.228011,0000000000000000,0
142,14.848750,0.052208,15.813584,30.714542,0.054351,18947591.904345,0000000000000000,0
143,14.830375,0.053375,15.722292,30.606042,0.054190,18947608.462845,0000000000000000,0
144,14.838250,0.009042,15.693416,30.540708,0.054321,18947625.064511,0000000000000000,0
145,14.849917,0.052500,15.746208,30.648625,0.054742,18947641.839428,0000000000000000,0
146,14.838833,0.009042,15.775083,30.622958,0.054874,18947658.480761,0000000000000000,0
147,14.821917,0.008750,15.905750,30.736417,0.054712,18947675.260928,0000000000000000,0
148,14.872958,0.051042,15.712667,30.636667,0.054843,18947691.828470,0000000000000000,0
149,14.828625,0.009041,15.979542,30.817208,0.054391,18947708.675428,0000000000000000,0
150,14.801792,0.009041,15.856167,30.667000,0.054521,18947725.191928,0000000000000000,0
151,14.795083,0.011667,15.841000,30.647750,0.054943,18947741.839970,0000000000000000,0
152,14.796250,0.053666,16.018625,30.868541,0.054491,18947758.727178,0000000000000000,0
153,14.805583,0.009042,15.780333,30.594958,0.054621,18947775.120595,0000000000000000,0
154,14.803250,0.051042,15.742416,30.596708,0.055043,18947791.789928,0000000000000000,0
155,14.846709,0.050166,15.663375,30.560250,0.055466,18947808.420178,0000000000000000,0
156,14.819292,0.052792,15.811833,30.683917,0.054430,18947825.209970,0000000000000000,0
157,14.851958,0.007875,15.661917,30.521750,0.054852,18947841.715095,0000000000000000,0
158,14.834167,0.050458,15.605334,30.489959,0.053525,18947858.349137,0000000000000000,0
159,14.814334,0.052208,15.824083,30.690625,0.054822,18947875.217678,0000000000000000,0
160,14.775833,0.008167,15.815625,30.599625,0.055244,18947891.793970,0000000000000000,0
161,14.814333,0.049583,15.920625,30.784541,0.054792,18947908.645303,0000000000000000,0
162,14.766792,0.051625,15.675042,30.493459,0.054339,18947925.020637,0000000000000000,0
163,14.764166,0.050167,15.671250,30.485583,0.055053,18947941.680345,0000000000000000,0
164,14.810250,0.052208,15.805125,30.667583,0.054309,18947958.528470,0000000000000000,0
165,14.807625,0.009042,15.764875,30.581542,0.054731,18947975.109720,0000000000000000,0
166,14.804708,0.052500,15.706542,30.563750,0.054570,18947991.758637,0000000000000000,0
167,14.818125,0.053375,15.757583,30.629083,0.054701,18948008.490678,0000000000000000,0
168,14.846417,0.009333,15.723167,30.578917,0.054831,18948025.108095,0000000000000000,0
169,14.804125,0.049292,15.905458,30.758875,0.054378,18948041.954178,0000000000000000,0
170,14.838834,0.052500,15.803375,30.694709,0.055385,18948058.557887,0000000000000000,0
171,14.847291,0.052500,15.749417,30.649208,0.054348,18948075.178220,0000000000000000,0
172,14.838250,0.053958,15.788209,30.680417,0.054770,18948091.877012,0000000000000000,0
173,14.856333,0.053959,15.827875,30.738167,0.054318,18948108.600887,0000000000000000,0
174,14.800625,0.051625,15.792875,30.645125,0.054449,18948125.175137,0000000000000000,0
175,14.801792,0.008750,15.754666,30.565208,0.054579,18948141.761928,0000000000000000,0
176,14.861292,0.051625,15.911000,30.823917,0.054418,18948158.687345,0000000000000000,0
177,14.817250,0.051625,15.805417,30.674292,0.054257,18948175.204720,0000000000000000,0
178,14.854000,0.052500,15.748834,30.655334,0.053512,18948191.851887,0000000000000000,0
179,14.816959,0.053083,15.870750,30.740792,0.054810,18948208.605220,0000000000000000,0
180,14.811708,0.008458,15.708875,30.529041,0.054649,18948225.060178,0000000000000000,0
181,14.832417,0.051042,15.891166,30.774625,0.054196,18948241.972178,0000000000000000,0
182,14.861000,0.051916,15.829334,30.742250,0.054619,18948258.607387,0000000000000000,0
183,14.813458,0.052792,15.816792,30.683042,0.054749,18948275.214887,0000000000000000,0
184,14.840875,0.008750,15.839834,30.689459,0.054588,18948291.888012,0000000000000000,0
185,14.829792,0.053083,15.797834,30.680709,0.054719,18948308.546262,0000000000000000,0
186,14.819584,0.007875,15.840416,30.667875,0.054850,18948325.200428,0000000000000000,0
187,14.813167,0.052791,15.821167,30.687125,0.054397,18948341.886095,0000000000000000,0
188,14.805000,0.008750,15.782083,30.595833,0.054528,18948358.461803,0000000000000000,0
189,14.839125,0.054833,15.821459,30.715417,0.054658,18948375.248387,0000000000000000,0
190,14.824834,0.053958,15.773917,30.652709,0.054497,18948391.852387,0000000000000000,0
191,14.761833,0.051334,15.827000,30.640167,0.054920,18948408.507137,0000000000000000,0
192,14.815792,0.009042,15.785875,30.610709,0.054467,18948425.144387,0000000000000000,0
193,14.810251,0.009041,15.832834,30.652126,0.054889,18948441.852804,0000000000000000,0
194,14.807917,0.008750,15.670667,30.487334,0.054145,18948458.354429,0000000000000000,0
195,14.809083,0.051917,15.704791,30.565791,0.054276,18948475.099595,0000000000000000,0
196,14.840583,0.051917,15.762542,30.655042,0.054114,18948491.855554,0000000000000000,0
197,14.861584,0.053083,15.750292,30.664959,0.054829,18948508.533054,0000000000000000,0
198,14.812000,0.051625,15.819708,30.683333,0.054668,18948525.218137,0000000000000000,0
199,14.836208,0.008750,15.837792,30.682750,0.054798,18948541.884554,0000000000000000,0
200,14.829792,0.008750,15.852667,30.691209,0.054346,18948558.559429,29a111b6ccb56ac5,1
201,14.851375,0.051625,15.761375,30.664375,0.054476,18948575.199595,0000000000000000,0
202,14.862750,0.052500,15.766625,30.681875,0.054607,18948591.884095,0000000000000000,0
203,14.826584,0.009041,15.832250,30.667875,0.054738,18948608.537095,0000000000000000,0
204,14.818709,0.009041,15.827875,30.655625,0.054868,18948625.191845,0000000000000000,0
205,14.806750,0.008750,15.721416,30.536916,0.054415,18948641.739845,0000000000000000,0
206,14.811708,0.051334,15.828166,30.691208,0.054547,18948658.560845,0000000000000000,0
207,14.812875,0.053083,15.844209,30.710167,0.054677,18948675.246804,0000000000000000,0
208,14.827458,0.008750,15.740958,30.577166,0.055099,18948691.781095,0000000000000000,0
209,14.829209,0.049583,15.740667,30.619459,0.054647,18948708.489804,0000000000000000,0
210,14.848750,0.009334,15.719375,30.577459,0.054485,18948725.114804,0000000000000000,0
211,14.788083,0.009042,15.783250,30.580375,0.054616,18948741.784429,0000000000000000,0
212,14.805000,0.009042,15.829333,30.643375,0.055330,18948758.515012,0000000000000000,0
213,14.804416,0.051917,15.823500,30.679833,0.054002,18948775.217012,0000000000000000,0
214,14.827750,0.051625,15.839833,30.719208,0.054716,18948791.923970,0000000000000000,0
215,14.832708,0.011667,15.826708,30.671083,0.055139,18948808.543137,0000000000000000,0
216,14.809084,0.008750,15.811833,30.629667,0.054394,18948825.168137,0000000000000000,0
217,14.766209,0.008458,16.025042,30.799709,0.054816,18948842.005179,0000000000000000,0
218,14.849625,0.009041,15.742125,30.600791,0.054656,18948858.472970,0000000000000000,0
219,14.851958,0.008750,15.786750,30.647458,0.054786,18948875.186637,0000000000000000,0
220,14.805583,0.052792,15.831666,30.690041,0.054042,18948891.895345,0000000000000000,0
221,14.816375,0.051625,15.818834,30.686834,0.055340,18948908.560304,0000000000000000,0
222,14.814042,0.052792,15.802791,30.669625,0.054595,18948925.209220,0000000000000000,0
223,14.846125,0.052500,15.772750,30.671375,0.054434,18948941.877679,0000000000000000,0
224,14.817541,0.051334,15.734833,30.603708,0.053690,18948958.476137,0000000000000000,0
225,14.833000,0.008458,15.778583,30.620041,0.054695,18948975.160345,0000000000000000,0
226,14.842042,0.051625,15.947166,30.840833,0.054242,18948992.047845,0000000000000000,0
227,14.851667,0.051916,15.783542,30.687125,0.053499,18949008.560262,0000000000000000,0
228,14.833292,0.053958,15.791417,30.678667,0.054212,18949025.219387,0000000000000000,0
229,14.818417,0.053375,15.883875,30.755667,0.054343,18949041.963387,0000000000000000,0
230,14.821042,0.052792,15.902541,30.776375,0.054766,18949058.651095,0000000000000000,0
231,14.779625,0.008459,15.947458,30.735542,0.054604,18949075.277262,0000000000000000,0
232,14.814042,0.052791,15.782667,30.649500,0.054151,18949091.857637,0000000000000000,0
233,14.830375,0.009042,15.819708,30.659125,0.054574,18949108.534262,0000000000000000,0
234,14.788375,0.052208,15.797542,30.638125,0.054413,18949125.180262,0000000000000000,0
235,14.818416,0.052209,15.758750,30.629375,0.054252,18949141.838221,0000000000000000,0
236,14.831833,0.009042,15.814750,30.655625,0.054383,18949158.531471,0000000000000000,0
237,14.810250,0.008750,15.802792,30.621792,0.054222,18949175.164054,0000000000000000,0
238,14.800625,0.008750,15.825834,30.635209,0.054352,18949191.844471,0000000000000000,0
239,14.866542,0.008750,15.708291,30.583583,0.054775,18949208.460137,0000000000000000,0
240,14.814334,0.054250,15.835458,30.704042,0.054613,18949225.247304,0000000000000000,0
241,14.828625,0.009334,16.027666,30.865625,0.054452,18949242.075887,0000000000000000,0
242,14.792459,0.008458,15.852958,30.653875,0.054875,18949258.531137,0000000000000000,0
243,14.820459,0.011958,15.768083,30.600500,0.055005,18949275.144762,0000000000000000,0
244,14.806458,0.008750,15.821750,30.636958,0.054552,18949291.847929,0000000000000000,0
245,14.819000,0.053959,15.798708,30.671667,0.054392,18949308.549054,0000000000000000,0
246,14.825708,0.052792,15.781208,30.659708,0.054522,18949325.204387,0000000000000000,0
247,14.826584,0.051916,18.201750,33.080250,0.054361,18949344.291637,0000000000000000,0
248,14.810541,1.604750,15.951250,32.366541,0.054492,18949360.244637,0000000000000000,0
249,14.811125,0.891333,17.859042,33.561500,0.053164,18949378.105429,0000000000000000,0
250,16.185458,0.714000,15.771583,32.671041,0.053586,18949393.882262,0000000000000000,0
251,14.819292,0.951125,16.092125,31.862542,0.288507,18949409.975554,0000000000000000,0
252,14.819000,0.610166,15.799000,31.228166,0.056473,18949425.776012,0000000000000000,0
253,14.817250,0.085167,15.585208,30.487625,0.214685,18949441.860262,0000000000000000,0
254,14.797125,0.009334,15.793166,30.599625,0.054693,18949458.479137,0000000000000000,0
255,14.804417,0.053375,15.964666,30.822458,0.055698,18949475.370137,0000000000000000,0
256,14.815792,0.009042,15.816500,30.641334,0.055245,18949491.854846,0000000000000000,0
257,14.814333,0.051333,15.838667,30.704333,0.054502,18949508.584554,0000000000000000,0
258,14.834458,0.009334,15.787041,30.630833,0.054340,18949525.177762,0000000000000000,0
259,14.844083,0.053667,15.815333,30.713083,0.054762,18949541.927012,0000000000000000,0
260,14.823083,0.053084,15.837208,30.713375,0.054602,18949558.594304,0000000000000000,0
261,14.837083,0.009625,15.769833,30.616541,0.054441,18949575.163887,0000000000000000,0
262,14.833000,0.008458,16.062667,30.904125,0.054863,18949592.119054,0000000000000000,0
263,14.824542,0.051042,15.794041,30.669625,0.053827,18949608.550387,0000000000000000,0
264,14.804125,0.053084,15.845083,30.702292,0.054833,18949625.250929,0000000000000000,0
265,14.812875,0.052792,15.822333,30.688000,0.054963,18949641.903637,0000000000000000,0
266,14.811708,0.051625,15.845667,30.709000,0.054803,18949658.591346,0000000000000000,0
267,14.841750,0.009041,15.799584,30.650375,0.054058,18949675.198846,0000000000000000,0
268,14.811708,0.009333,15.759042,30.580083,0.054480,18949691.795554,0000000000000000,0
269,14.853709,0.049875,15.790833,30.694417,0.054611,18949708.577179,0000000000000000,0
270,14.831542,0.052792,15.850916,30.735250,0.054741,18949725.285012,0000000000000000,0
271,14.835625,0.051625,15.810958,30.698208,0.054288,18949741.914387,0000000000000000,0
272,14.816667,0.052791,15.831959,30.701417,0.054711,18949758.584596,0000000000000000,0
273,14.824834,0.009041,15.782375,30.616250,0.054550,18949775.166137,0000000000000000,0
274,14.809084,0.052500,15.980125,30.841709,0.054389,18949792.058596,0000000000000000,0
275,14.816375,0.008750,15.842459,30.667584,0.055395,18949808.552346,0000000000000000,0
276,14.804417,0.009333,15.807459,30.621209,0.053775,18949825.171221,0000000000000000,0
277,14.823666,0.008750,15.811542,30.643958,0.054781,18949841.861846,0000000000000000,0
278,14.803833,0.009334,15.842166,30.655333,0.054620,18949858.539929,0000000000000000,0
279,14.809083,0.008750,15.799292,30.617125,0.054459,18949875.168138,0000000000000000,0
280,14.781084,0.052208,15.765750,30.599042,0.054589,18949891.817346,0000000000000000,0
281,14.820458,0.008750,15.845959,30.675167,0.054429,18949908.559888,0000000000000000,0
282,14.805584,0.008750,15.786750,30.601084,0.055143,18949925.153388,0000000000000000,0
283,14.819584,0.051916,15.811834,30.683334,0.054398,18949941.901763,0000000000000000,0
284,14.826875,0.051917,15.814167,30.692959,0.054238,18949958.578388,0000000000000000,0
285,14.822500,0.051916,15.823500,30.697916,0.054368,18949975.250054,0000000000000000,0
286,14.816083,0.009042,15.836625,30.661750,0.054498,18949991.880888,0000000000000000,0
287,14.830666,0.009042,15.813583,30.653291,0.054630,18950008.539429,0000000000000000,0
288,14.823958,0.052792,15.901083,30.777833,0.054760,18950025.330971,0000000000000000,0
289,14.823375,0.053375,15.813583,30.690333,0.054599,18950041.910471,0000000000000000,0
290,14.823667,0.052791,15.823500,30.699958,0.054438,18950058.586804,0000000000000000,0
291,14.833875,0.053375,15.766917,30.654167,0.054277,18950075.207721,0000000000000000,0
292,14.827459,0.008750,15.847416,30.683625,0.054407,18950091.904179,0000000000000000,0
293,14.824834,0.008750,15.920041,30.753625,0.054830,18950108.641179,0000000000000000,0
294,14.835916,0.052209,15.808333,30.696458,0.054669,18950125.250721,0000000000000000,0
295,14.773500,0.052209,15.763708,30.589417,0.053924,18950141.810096,0000000000000000,0
296,14.812875,0.053083,15.748250,30.614208,0.054639,18950158.502471,0000000000000000,0
297,14.831833,0.052792,15.825250,30.709875,0.055061,18950175.265138,0000000000000000,0
298,14.819000,0.009042,15.827000,30.655042,0.054608,18950191.876721,0000000000000000,0
299,14.825416,0.009042,15.756708,30.591166,0.055031,18950208.480429,0000000000000000,0
300,14.824541,0.053084,15.722291,30.599916,0.054286,18950225.155304,29a111b6ccb56ac5,1
301,14.834167,0.052208,15.774792,30.661167,0.054416,18950241.883263,0000000000000000,0
302,14.836500,0.053667,15.787916,30.678083,0.055423,18950258.568054,0000000000000000,0
303,14.788083,0.053375,15.859375,30.700833,0.054678,18950275.257221,0000000000000000,0
304,14.823083,0.053667,15.861708,30.738458,0.054808,18950291.961846,0000000000000000,0
305,14.802667,0.009042,15.848291,30.660000,0.054356,18950308.549804,0000000000000000,0
306,14.833292,0.009041,15.742709,30.585042,0.054778,18950325.142138,0000000000000000,0
307,14.833291,0.054542,15.796667,30.684500,0.054617,18950341.908013,0000000000000000,0
308,14.850208,0.053667,15.857625,30.761500,0.054457,18950358.652013,0000000000000000,0
309,14.830375,0.008750,15.818250,30.657375,0.054587,18950375.214888,0000000000000000,0
310,14.835333,0.051917,15.823500,30.710750,0.054717,18950391.934971,0000000000000000,0
311,14.843209,0.009041,15.890292,30.742542,0.054557,18950408.633471,0000000000000000,0
312,14.847875,0.009334,15.917708,30.774917,0.054687,18950425.332846,0000000000000000,0
313,14.812583,0.011667,15.825541,30.649791,0.055401,18950441.875304,0000000000000000,0
314,14.815500,0.009625,15.840417,30.665542,0.054074,18950458.556888,0000000000000000,0
315,14.817833,0.009625,15.877750,30.705208,0.054788,18950475.263846,0000000000000000,0
316,14.827458,0.009042,15.831375,30.667875,0.054626,18950491.893221,0000000000000000,0
317,14.809375,0.008750,15.869584,30.687709,0.054466,18950508.579763,0000000000000000,0
318,14.827167,0.009333,15.824667,30.661167,0.054888,18950525.220513,0000000000000000,0
319,14.818416,0.053084,15.759916,30.631416,0.054727,18950541.857471,0000000000000000,0
320,14.823666,0.008459,15.783833,30.615958,0.054566,18950558.509013,0000000000000000,0
321,14.835333,0.009625,15.769834,30.614792,0.054405,18950575.174555,0000000000000000,0
322,14.828042,0.053375,15.785583,30.667000,0.054535,18950591.893763,0000000000000000,0
323,14.830375,0.053084,15.854416,30.737875,0.054375,18950608.631346,0000000000000000,0
324,14.841167,0.009333,15.868417,30.718917,0.054797,18950625.279680,0000000000000000,0
325,14.840000,0.051916,15.762250,30.654166,0.053469,18950641.880471,0000000000000000,0
326,14.802959,0.052208,15.798125,30.653292,0.053892,18950658.546888,0000000000000000,0
327,14.815791,0.009042,15.830500,30.655333,0.054897,18950675.216513,0000000000000000,0
328,14.813750,0.008750,15.818542,30.641042,0.054153,18950691.868638,0000000000000000,0
329,14.836792,0.008750,15.792000,30.637542,0.054284,18950708.532138,0000000000000000,0
330,14.823375,0.009042,15.824666,30.657083,0.054706,18950725.218971,0000000000000000,0
331,14.834750,0.009042,15.840708,30.684500,0.054836,18950741.913096,0000000000000000,0
332,14.819875,0.052792,15.756125,30.628792,0.054092,18950758.523805,0000000000000000,0
333,14.828041,0.053084,15.885916,30.767041,0.054514,18950775.329346,0000000000000000,0
334,14.844667,0.055125,15.729291,30.629083,0.054645,18950791.858096,0000000000000000,0
335,14.820167,0.053083,15.694875,30.568125,0.054484,18950808.464138,0000000000000000,0
336,14.823958,0.050750,15.677375,30.552083,0.054031,18950825.114513,0000000000000000,0
337,14.834167,0.009042,15.827291,30.670500,0.054453,18950841.900221,0000000000000000,0
338,14.792166,0.008750,15.716750,30.517666,0.054293,18950858.414096,0000000000000000,0
339,14.811417,0.050750,15.823208,30.685375,0.053840,18950875.248221,0000000000000000,0
340,14.845833,0.052500,15.813000,30.711333,0.054262,18950891.941471,0000000000000000,0
341,14.832417,0.009041,15.794042,30.635500,0.054393,18950908.532638,0000000000000000,0
342,14.824833,0.009042,15.800458,30.634333,0.054815,18950925.198471,0000000000000000,0
343,14.823667,0.009333,15.842459,30.675459,0.054654,18950941.906305,0000000000000000,0
344,14.841750,0.053667,15.812125,30.707542,0.055660,18950958.606555,0000000000000000,0
345,14.870333,0.051917,15.850041,30.772291,0.054332,18950975.336846,0000000000000000,0
346,14.841750,0.009042,15.834292,30.685084,0.054171,18950991.916055,0000000000000000,0
347,14.826291,0.008459,15.803958,30.638708,0.054594,18951008.537263,0000000000000000,0
348,14.842917,0.051916,15.873959,30.768792,0.054433,18951025.334055,0000000000000000,0
349,14.848458,0.008459,15.843625,30.700542,0.054563,18951041.932805,0000000000000000,0
350,14.844083,0.052792,15.738625,30.635500,0.054694,18951058.534763,0000000000000000,0
351,14.840875,0.052792,15.738333,30.632000,0.054533,18951075.197971,0000000000000000,0
352,14.884625,0.053375,15.785584,30.723584,0.054663,18951091.956555,0000000000000000,0
353,14.822208,0.054250,15.877750,30.754208,0.054795,18951108.653888,0000000000000000,0
354,14.839709,0.009625,15.757291,30.606625,0.054342,18951125.172721,0000000000000000,0
355,14.820166,0.008750,15.799292,30.628208,0.054180,18951141.861013,0000000000000000,0
356,14.828916,0.009042,15.866667,30.704625,0.054895,18951158.605305,0000000000000000,0
357,14.833291,0.008459,15.826708,30.668458,0.054150,18951175.235263,0000000000000000,0
358,14.846417,0.053083,15.878625,30.778125,0.054572,18951192.012221,0000000000000000,0
359,14.853125,0.009042,15.797833,30.660000,0.054120,18951208.560513,0000000000000000,0
360,14.852833,0.052209,15.811250,30.716292,0.054834,18951225.284097,0000000000000000,0
361,14.857209,0.009625,15.734833,30.601667,0.054673,18951241.836180,0000000000000000,0
362,14.853416,0.052209,15.750291,30.655916,0.054221,18951258.557138,0000000000000000,0
363,14.904750,0.009041,15.740375,30.654166,0.054351,18951275.222388,0000000000000000,0
364,14.842916,0.009042,15.776542,30.628500,0.054773,18951291.863722,0000000000000000,0
365,14.851375,0.053958,15.752625,30.657958,0.054029,18951308.559305,0000000000000000,0
366,14.843208,0.008167,15.743875,30.595250,0.054743,18951325.164472,0000000000000000,0
367,14.848167,0.054542,15.734250,30.636959,0.054581,18951341.872597,0000000000000000,0
368,14.835625,0.009334,15.836333,30.681292,0.054421,18951358.583930,0000000000000000,0
369,14.850500,0.052792,15.746500,30.649792,0.054843,18951375.219430,0000000000000000,0
370,14.843792,0.053083,15.785000,30.681875,0.054682,18951391.918513,0000000000000000,0
371,14.844083,0.009042,15.752333,30.605458,0.054521,18951408.508513,0000000000000000,0
372,14.846416,0.009334,15.818250,30.674000,0.054943,18951425.244347,0000000000000000,0
373,14.832417,0.009042,15.790833,30.632292,0.054199,18951441.869055,0000000000000000,0
374,14.849041,0.009334,15.813583,30.671958,0.054330,18951458.575430,0000000000000000,0
375,14.831250,0.053666,15.791709,30.676625,0.054460,18951475.247097,0000000000000000,0
376,14.851084,0.008750,15.878625,30.738459,0.054591,18951491.976222,0000000000000000,0
377,14.830083,0.008750,15.747667,30.586500,0.054430,18951508.490972,0000000000000000,0
378,16.102625,0.052500,16.093584,32.248709,0.054852,18951526.820472,0000000000000000,0
379,14.823667,0.760667,16.089500,31.673834,0.054108,18951542.911722,0000000000000000,0
380,14.829209,0.180541,15.671542,30.681292,0.053656,18951558.585305,0000000000000000,0
381,14.812000,0.054541,15.780625,30.647166,0.055244,18951575.219638,0000000000000000,0
382,14.847000,0.051917,18.116583,33.015500,0.054791,18951594.254388,0000000000000000,0
383,14.854583,1.495958,18.512959,34.863500,0.054631,18951612.769097,0000000000000000,0
384,14.857792,3.345416,15.865209,34.068417,0.053303,18951628.639847,0000000000000000,0
385,14.896000,0.969792,16.172333,32.038125,1.594290,18951644.817430,0000000000000000,0
386,14.839125,1.336417,16.043125,32.218667,0.795264,18951660.865805,0000000000000000,0
387,14.842042,1.200500,15.950958,31.993500,0.306567,18951676.818805,0000000000000000,0
388,14.843208,0.737333,16.139667,31.720208,0.054117,18951692.959930,0000000000000000,0
389,14.854875,0.200958,15.741833,30.797666,0.053373,18951708.703513,0000000000000000,0
390,14.882583,0.009334,15.715000,30.606917,0.054962,18951725.181222,0000000000000000,0
391,14.866250,0.009333,15.720833,30.596416,0.054509,18951741.837138,0000000000000000,0
392,14.863917,0.053375,15.793750,30.711042,0.054349,18951758.618472,0000000000000000,0
393,14.875000,0.052500,15.867250,30.794750,0.054479,18951775.368888,0000000000000000,0
394,14.863333,0.052792,15.850916,30.767041,0.054317,18951792.007888,0000000000000000,0
395,14.849333,0.052792,15.834583,30.736708,0.055032,18951808.645138,0000000000000000,0
396,14.870625,0.053667,15.866958,30.791250,0.054579,18951825.366388,0000000000000000,0
397,14.855750,0.009333,15.834875,30.699958,0.054709,18951841.941805,0000000000000000,0
398,14.851959,0.009041,15.699834,30.560834,0.055132,18951858.469972,0000000000000000,0
399,14.836500,0.009333,15.785000,30.630833,0.053804,18951875.205805,0000000000000000,0
400,14.865958,0.053959,15.829041,30.748958,0.054518,18951891.991513,29a111b6ccb56ac5,1
401,14.860416,0.058917,15.749709,30.669042,0.054358,18951908.578014,0000000000000000,0
402,14.850792,0.011084,15.800750,30.662626,0.054780,18951925.238889,0000000000000000,0
403,14.846708,0.053958,15.855000,30.755666,0.054618,18951941.998930,0000000000000000,0
404,14.868292,0.054250,15.849750,30.772292,0.054458,18951958.682264,0000000000000000,0
405,14.867708,0.009334,15.902541,30.779583,0.054588,18951975.356555,0000000000000000,0
406,14.867708,0.052792,15.806875,30.727375,0.055594,18951991.971639,0000000000000000,0
407,14.854000,0.054250,15.868709,30.776959,0.054850,18952008.687639,0000000000000000,0
408,14.862750,0.009042,15.841292,30.713084,0.054689,18952025.290764,0000000000000000,0
409,14.852833,0.052500,15.874250,30.779583,0.054527,18952042.023680,0000000000000000,0
410,14.854875,0.009625,15.836917,30.701417,0.054367,18952058.612222,0000000000000000,0
411,14.859541,0.009334,15.839833,30.708708,0.054789,18952075.287097,0000000000000000,0
412,14.896875,0.051916,15.858209,30.807000,0.054336,18952092.051514,0000000000000000,0
413,14.864791,0.009042,15.892333,30.766166,0.054467,18952108.677680,0000000000000000,0
414,14.838542,0.052500,15.836916,30.727958,0.054889,18952125.307055,0000000000000000,0
415,14.883750,0.051625,15.862292,30.797667,0.054436,18952142.042889,0000000000000000,0
416,14.847000,0.008750,15.831667,30.687417,0.054568,18952158.599639,0000000000000000,0
417,14.850500,0.008750,15.854416,30.713666,0.056448,18952175.294930,0000000000000000,0
418,14.843500,0.053084,15.813875,30.710459,0.055412,18952191.957264,0000000000000000,0
419,14.835042,0.008750,15.794333,30.638125,0.054376,18952208.551055,0000000000000000,0
420,14.854000,0.009917,15.824958,30.688875,0.054798,18952225.268805,0000000000000000,0
421,14.839708,0.053667,15.813292,30.706667,0.055220,18952241.953889,0000000000000000,0
422,14.879375,0.009334,15.863458,30.752167,0.055060,18952258.666097,0000000000000000,0
423,14.838542,0.008750,15.836333,30.683625,0.054024,18952275.263680,0000000000000000,0
424,14.847583,0.053667,15.825250,30.726500,0.054737,18952291.974139,0000000000000000,0
425,14.842917,0.008750,15.771291,30.622958,0.054868,18952308.537305,0000000000000000,0
426,14.832417,0.054250,15.835458,30.722125,0.054707,18952325.303180,0000000000000000,0
427,14.862167,0.009333,15.817084,30.688584,0.054837,18952341.936639,0000000000000000,0
428,14.871208,0.009042,15.811833,30.692083,0.054385,18952358.606555,0000000000000000,0
429,14.856333,0.053667,15.753500,30.663500,0.054807,18952375.245264,0000000000000000,0
430,14.892500,0.009334,15.704500,30.606334,0.054354,18952391.854514,0000000000000000,0
431,14.894542,0.012250,15.812416,30.719208,0.054486,18952408.634680,0000000000000000,0
432,14.901542,0.052208,15.850334,30.804084,0.054324,18952425.386264,0000000000000000,0
433,14.821333,0.051625,15.757583,30.630541,0.054746,18952441.879430,0000000000000000,0
434,14.871791,0.052209,15.913333,30.837333,0.054586,18952458.753222,0000000000000000,0
435,14.892500,0.008750,15.800167,30.701417,0.054133,18952475.283722,0000000000000000,0
436,14.909417,0.009333,15.787917,30.706667,0.054555,18952491.956264,0000000000000000,0
437,14.834167,0.054833,15.823500,30.712500,0.054686,18952508.629097,0000000000000000,0
438,14.875875,0.053083,15.871333,30.800291,0.055108,18952525.384180,0000000000000000,0
439,14.913500,0.063000,15.848292,30.824792,0.054655,18952542.075097,0000000000000000,0
440,14.869458,0.009333,15.876000,30.754791,0.054495,18952558.671805,0000000000000000,0
441,14.854583,0.009333,15.829334,30.693250,0.054625,18952575.277264,0000000000000000,0
442,14.887833,0.009333,15.916542,30.813708,0.054756,18952592.064722,0000000000000000,0
443,14.911458,0.062417,15.846834,30.820709,0.054304,18952608.738431,0000000000000000,0
444,14.819000,0.008750,15.820583,30.648333,0.054142,18952625.232472,0000000000000000,0
445,14.898916,0.054250,15.865209,30.818375,0.054564,18952642.069806,0000000000000000,0
446,14.813166,0.051625,15.834875,30.699666,0.054696,18952658.618097,0000000000000000,0
447,14.889875,0.053375,15.825833,30.769083,0.054243,18952675.354222,0000000000000000,0
448,14.912333,0.009625,15.861417,30.783375,0.054665,18952692.035514,0000000000000000,0
449,14.911166,0.060959,15.801041,30.773166,0.054213,18952708.691722,0000000000000000,0
450,14.817542,0.052792,15.803375,30.673709,0.054343,18952725.259556,0000000000000000,0
451,14.871500,0.052791,15.849750,30.774041,0.054473,18952742.026597,0000000000000000,0
452,14.868875,0.008750,15.841875,30.719500,0.054313,18952758.638764,0000000000000000,0
453,14.882583,0.053375,15.838084,30.774042,0.054443,18952775.360306,0000000000000000,0
454,14.889000,0.009042,15.794041,30.692083,0.054574,18952791.945347,0000000000000000,0
455,14.867417,0.053667,15.836041,30.757125,0.054413,18952808.677097,0000000000000000,0
456,14.842333,0.052792,15.828167,30.723292,0.054543,18952825.310556,0000000000000000,0
457,14.890167,0.009333,15.856750,30.756250,0.054674,18952842.010222,0000000000000000,0
458,14.904459,0.009041,15.769834,30.683334,0.054805,18952858.604306,0000000000000000,0
459,14.861000,0.009625,15.822917,30.693542,0.054060,18952875.280639,0000000000000000,0
460,14.866834,0.009333,15.675625,30.551792,0.053899,18952891.805889,0000000000000000,0
461,14.892792,0.009625,15.887375,30.789792,0.054322,18952908.710889,0000000000000000,0
462,14.852542,0.053083,15.862583,30.768208,0.054744,18952925.356597,0000000000000000,0
463,14.863625,0.053958,15.867833,30.785416,0.055166,18952942.041097,0000000000000000,0
464,14.865083,0.009042,15.833708,30.707833,0.054422,18952958.629639,0000000000000000,0
465,14.885500,0.053958,15.868417,30.807875,0.055136,18952975.397556,0000000000000000,0
466,14.833000,0.053666,15.803084,30.689750,0.054683,18952991.945556,0000000000000000,0
467,14.863333,0.009625,15.845375,30.718333,0.054814,18953008.641139,0000000000000000,0
468,14.905333,0.054250,15.843625,30.803208,0.054653,18953025.392722,0000000000000000,0
469,14.857500,0.053084,15.873375,30.783959,0.054492,18953042.040181,0000000000000000,0
470,14.888416,0.009625,15.792875,30.690916,0.054331,18953058.613847,0000000000000000,0
471,14.856916,0.053084,15.807166,30.717166,0.054462,18953075.307097,0000000000000000,0
472,14.866834,0.009041,15.823209,30.699084,0.054884,18953091.956306,0000000000000000,0
473,14.890458,0.009334,15.929958,30.829750,0.054432,18953108.753389,0000000000000000,0
474,14.900666,0.051917,15.896125,30.848708,0.054854,18953125.439639,0000000000000000,0
475,14.866250,0.011666,15.849750,30.727666,0.054984,18953141.985597,0000000000000000,0
476,14.817542,0.009041,15.930542,30.757125,0.055699,18953158.682639,0000000000000000,0
477,14.854583,0.009625,15.821459,30.685667,0.054662,18953175.277306,0000000000000000,0
478,14.863625,0.052500,15.832833,30.748958,0.054793,18953192.007597,0000000000000000,0
479,14.924000,0.009042,15.857333,30.790375,0.054049,18953208.714847,0000000000000000,0
480,14.862167,0.051916,15.766334,30.680417,0.054179,18953225.272181,0000000000000000,0
481,14.881416,0.009334,15.814458,30.705208,0.054601,18953241.964264,0000000000000000,0
482,14.886375,0.054542,15.866375,30.807292,0.054149,18953258.732764,0000000000000000,0
483,14.863333,0.053375,15.857917,30.774625,0.054571,18953275.367389,0000000000000000,0
484,14.907959,0.064166,15.847709,30.819834,0.054702,18953292.079306,0000000000000000,0
485,14.862750,0.009334,15.792875,30.664959,0.054541,18953308.591431,0000000000000000,0
486,14.867417,0.009625,15.840125,30.717167,0.054088,18953325.310056,0000000000000000,0
487,14.861291,0.052209,15.769250,30.682750,0.054802,18953341.943223,0000000000000000,0
488,14.894542,0.052500,15.936083,30.883125,0.054641,18953358.810014,0000000000000000,0
489,14.851958,0.052208,15.750875,30.655041,0.054188,18953375.248639,0000000000000000,0
490,14.886667,0.008750,15.766042,30.661459,0.053735,18953391.921473,0000000000000000,0
491,14.892208,0.009334,15.740666,30.642208,0.054158,18953408.569514,0000000000000000,0
492,14.896292,0.009333,15.792875,30.698500,0.054580,18953425.292806,0000000000000000,0
493,14.878208,0.012250,15.748542,30.639000,0.054711,18953441.900306,0000000000000000,0
494,14.875000,0.053667,15.862000,30.790667,0.054842,18953458.718973,0000000000000000,0
495,14.870625,0.009041,15.795209,30.674875,0.054097,18953475.269598,0000000000000000,0
496,14.874125,0.051917,15.855875,30.781917,0.054811,18953492.044223,0000000000000000,0
497,14.867417,0.009041,15.778875,30.655333,0.054067,18953508.583764,0000000000000000,0
498,14.881708,0.009625,15.872792,30.764125,0.055073,18953525.360431,0000000000000000,0
499,14.889292,0.053667,15.861125,30.804084,0.054036,18953542.066223,0000000000000000,0
500,14.870625,0.053083,15.820875,30.744583,0.054751,18953558.674306,29a111b6ccb56ac5,1
501,14.863625,0.011375,15.851500,30.726500,0.054881,18953575.323223,0000000000000000,0
502,14.909708,0.060958,15.853542,30.824208,0.054428,18953592.087056,0000000000000000,0
503,14.844667,0.009333,15.927917,30.781917,0.054851,18953608.712056,0000000000000000,0
504,14.845250,0.009625,15.840708,30.695583,0.054107,18953625.292139,0000000000000000,0
505,14.848167,0.052791,15.814459,30.715417,0.054529,18953641.978973,0000000000000000,0
506,16.136458,0.053959,16.148708,32.339125,0.054368,18953660.269681,0000000000000000,0
507,14.839417,0.834458,16.136167,31.810042,0.054499,18953676.407598,0000000000000000,0
508,14.845833,0.299542,15.842167,30.987542,0.054046,18953692.251223,0000000000000000,0
509,14.928959,0.009333,15.729875,30.668167,0.054469,18953708.599431,0000000000000000,0
510,14.859833,0.009625,15.804542,30.674000,0.054599,18953725.271973,0000000000000000,0
511,14.830959,0.052791,15.738042,30.621792,0.054146,18953741.886181,0000000000000000,0
512,14.854583,0.052792,15.791416,30.698791,0.054861,18953758.630764,0000000000000000,0
513,14.856333,0.053375,15.794042,30.703750,0.054408,18953775.302431,0000000000000000,0
514,14.882000,0.053083,15.832250,30.767333,0.054830,18953792.033306,0000000000000000,0
515,14.865084,0.009041,15.788792,30.662917,0.054669,18953808.595306,0000000000000000,0
516,14.851958,0.008459,15.737166,30.597583,0.053925,18953825.196389,0000000000000000,0
517,14.830959,0.051625,16.145791,31.028375,0.054930,18953842.294764,0000000000000000,0
518,15.035417,0.048708,17.187625,32.271750,0.055061,18953860.205431,0000000000000000,0
519,14.856625,0.751333,19.243000,34.850958,0.053733,18953879.450181,0000000000000000,0
520,14.889000,3.301083,15.971375,34.161458,0.053572,18953895.427389,0000000000000000,0
521,14.838250,1.135750,16.152500,32.126500,1.578518,18953911.584264,0000000000000000,0
522,14.806167,1.349541,16.138792,32.294500,0.888573,18953927.729181,0000000000000000,0
523,14.831541,1.306084,16.184000,32.321625,0.379751,18953943.914348,0000000000000000,0
524,14.865083,1.116792,16.098250,32.080125,0.054387,18953960.014348,0000000000000000,0
525,14.843500,0.572250,15.896125,31.311875,0.053350,18953975.911931,0000000000000000,0
526,14.846416,0.050750,15.538250,30.435416,0.224395,18953991.873389,0000000000000000,0
527,14.869166,0.055709,15.712375,30.637250,0.055070,18954008.572473,0000000000000000,0
528,14.841459,0.051333,15.755542,30.648334,0.054617,18954025.249973,0000000000000000,0
529,14.859833,0.009333,15.796084,30.665250,0.054456,18954041.933890,0000000000000000,0
530,14.791292,0.053083,15.752917,30.597292,0.054296,18954058.532640,0000000000000000,0
531,14.821917,0.008458,15.801917,30.632292,0.054426,18954075.234640,0000000000000000,0
532,14.859542,0.009333,15.801625,30.670500,0.054848,18954091.939848,0000000000000000,0
533,14.826875,0.052792,15.822916,30.702583,0.054688,18954108.638931,0000000000000000,0
534,14.850500,0.008458,15.846250,30.705208,0.054235,18954125.307973,0000000000000000,0
535,14.841750,0.009042,15.844791,30.695583,0.054073,18954141.965056,0000000000000000,0
536,14.867708,0.009625,15.782084,30.659417,0.054496,18954158.595890,0000000000000000,0
537,14.882875,0.008750,15.775667,30.667292,0.054335,18954175.270473,0000000000000000,0
538,14.869750,0.051333,15.784417,30.705500,0.054465,18954191.975973,0000000000000000,0
539,14.847584,0.052500,15.789666,30.689750,0.054597,18954208.626931,0000000000000000,0
540,14.843208,0.034417,15.771583,30.649208,0.054435,18954225.253098,0000000000000000,0
541,14.869750,0.009916,15.804542,30.684208,0.054566,18954241.955098,0000000000000000,0
542,14.819000,0.051625,15.791417,30.662042,0.054989,18954258.600223,0000000000000000,0
543,14.813750,0.052500,15.913625,30.779875,0.054827,18954275.384765,0000000000000000,0
544,14.850500,0.054834,15.848583,30.753917,0.054374,18954292.025223,0000000000000000,0
545,14.844959,0.053083,15.814458,30.712500,0.054506,18954308.650806,0000000000000000,0
546,14.844958,0.052209,15.767500,30.664667,0.054636,18954325.270265,0000000000000000,0
547,14.863625,0.008750,15.739792,30.612167,0.054475,18954341.884473,0000000000000000,0
548,14.849041,0.052209,15.813875,30.715125,0.054314,18954358.654140,0000000000000000,0
549,14.868875,0.052500,15.802208,30.723583,0.053861,18954375.328723,0000000000000000,0
550,14.852834,0.053958,15.826125,30.732917,0.054283,18954392.005348,0000000000000000,0
551,14.860417,0.053666,15.836334,30.750417,0.054706,18954408.690140,0000000000000000,0
552,14.908542,0.009625,15.851791,30.769958,0.054836,18954425.376681,0000000000000000,0
553,14.885500,0.009042,15.668625,30.563167,0.054675,18954441.836598,0000000000000000,0
554,14.858375,0.009333,15.920042,30.787750,0.054515,18954458.727890,0000000000000000,0
555,14.902125,0.052792,15.820875,30.775792,0.054353,18954475.382640,0000000000000000,0
556,14.893959,0.009041,15.615250,30.518250,0.054192,18954491.791806,0000000000000000,0
557,14.886083,0.008750,15.738042,30.632875,0.054323,18954508.573723,0000000000000000,0
558,14.870916,0.054250,15.949500,30.874666,0.054162,18954525.481931,0000000000000000,0
559,14.912042,0.060667,15.834291,30.807000,0.054584,18954542.081556,0000000000000000,0
560,14.863333,0.009042,15.880375,30.752750,0.055007,18954558.694890,0000000000000000,0
561,14.900958,0.052208,15.739792,30.692958,0.054846,18954575.301223,0000000000000000,0
562,14.868875,0.052500,15.883875,30.805250,0.054684,18954592.080515,0000000000000000,0
563,14.856625,0.009625,15.773334,30.639584,0.054816,18954608.582140,0000000000000000,0
564,14.860417,0.009041,15.782084,30.651542,0.054654,18954625.260515,0000000000000000,0
565,14.911459,0.064166,15.825250,30.800875,0.054201,18954642.076556,0000000000000000,0
566,14.850500,0.009042,15.859667,30.719209,0.054333,18954658.661890,0000000000000000,0
567,14.871792,0.052791,15.859959,30.784542,0.055046,18954675.394515,0000000000000000,0
568,14.877917,0.009042,15.719958,30.606917,0.054885,18954691.883598,0000000000000000,0
569,14.894250,0.008750,15.800750,30.703750,0.054433,18954708.646848,0000000000000000,0
570,14.864500,0.009333,15.829042,30.702875,0.053980,18954725.312390,0000000000000000,0
571,14.877333,0.054250,15.863750,30.795333,0.054402,18954742.072140,0000000000000000,0
572,14.819875,0.009625,15.863167,30.692667,0.054825,18954758.636765,0000000000000000,0
573,14.869167,0.053083,15.802209,30.724459,0.054955,18954775.335557,0000000000000000,0
574,14.832125,0.053667,15.827000,30.712792,0.054502,18954791.990307,0000000000000000,0
575,14.886083,0.053375,15.873083,30.812541,0.054050,18954808.756473,0000000000000000,0
576,14.852834,0.008750,15.820291,30.681875,0.054472,18954825.293098,0000000000000000,0
577,14.874709,0.052791,15.851209,30.778709,0.055186,18954842.057807,0000000000000000,0
578,14.812875,0.008750,15.687875,30.509500,0.054442,18954858.454432,0000000000000000,0
579,14.826583,0.053959,15.783250,30.663792,0.054864,18954875.276307,0000000000000000,0
580,14.902708,0.053959,15.736583,30.693250,0.054120,18954891.971890,0000000000000000,0
581,14.862458,0.054250,15.801042,30.717750,0.054542,18954908.663390,0000000000000000,0
582,14.896000,0.009625,15.781500,30.687125,0.054673,18954925.299765,0000000000000000,0
583,14.880833,0.055125,15.772750,30.708708,0.054511,18954941.987765,0000000000000000,0
584,14.867125,0.009625,15.584333,30.461083,0.054059,18954958.407140,0000000000000000,0
585,14.868584,0.012250,15.802208,30.683042,0.054773,18954975.296390,0000000000000000,0
586,14.920209,0.054250,15.777125,30.751584,0.054903,18954992.031932,0000000000000000,0
587,14.858958,0.053667,15.845667,30.758292,0.054160,18955008.705057,0000000000000000,0
588,14.862458,0.008750,15.754667,30.625875,0.054582,18955025.239932,0000000000000000,0
589,14.867416,0.009042,15.787625,30.664083,0.055004,18955041.945140,0000000000000000,0
590,14.879083,0.054834,15.815041,30.748958,0.055135,18955058.696723,0000000000000000,0
591,14.874417,0.008458,15.792292,30.675167,0.054682,18955075.289640,0000000000000000,0
592,14.907083,0.063875,15.679708,30.650666,0.055396,18955091.932723,0000000000000000,0
593,14.910291,0.061250,15.900209,30.871750,0.054652,18955108.819932,0000000000000000,0
594,14.898042,0.052500,15.832250,30.782792,0.055074,18955125.398265,0000000000000000,0
595,14.858666,0.051042,15.845083,30.754791,0.053746,18955142.036098,0000000000000000,0
596,14.824542,0.053667,15.811541,30.689750,0.054461,18955158.638348,0000000000000000,0
597,14.874709,0.009333,15.765750,30.649792,0.054591,18955175.265390,0000000000000000,0
598,14.879667,0.008750,15.775666,30.664083,0.055013,18955191.946973,0000000000000000,0
599,14.892792,0.055125,15.797833,30.745750,0.055144,18955208.695640,0000000000000000,0
600,14.883166,0.052792,15.805125,30.741083,0.054691,18955225.357390,29a111b6ccb56ac5,1
601,14.890750,0.011083,15.853250,30.755083,0.054530,18955242.038390,0000000000000000,0
602,14.890750,0.009042,15.770708,30.670500,0.054370,18955258.620223,0000000000000000,0
603,14.873541,0.008459,15.801041,30.683041,0.055083,18955275.300348,0000000000000000,0
604,14.876750,0.053083,15.859667,30.789500,0.054339,18955292.072932,0000000000000000,0
605,14.878208,0.052208,15.826125,30.756541,0.054470,18955308.706973,0000000000000000,0
606,14.872084,0.008750,15.775666,30.656500,0.054892,18955325.274223,0000000000000000,0
607,14.869167,0.009042,15.705375,30.583584,0.054147,18955341.867432,0000000000000000,0
608,14.872667,0.051625,15.829333,30.753625,0.054862,18955358.705348,0000000000000000,0
609,14.840583,0.009042,15.750292,30.599917,0.054701,18955375.218057,0000000000000000,0
610,14.854583,0.053084,15.810083,30.717750,0.054831,18955392.002890,0000000000000000,0
611,14.880542,0.008458,15.820292,30.709292,0.054671,18955408.661432,0000000000000000,0
612,14.867708,0.009042,15.773917,30.650667,0.054509,18955425.269224,0000000000000000,0
613,14.868584,0.009041,15.736875,30.614500,0.054348,18955441.899765,0000000000000000,0
614,14.866541,0.053959,15.765458,30.685958,0.054771,18955458.638807,0000000000000000,0
615,14.879958,0.008750,15.822042,30.710750,0.054318,18955475.329724,0000000000000000,0
616,14.858958,0.008750,15.869584,30.737292,0.055031,18955492.023849,0000000000000000,0
617,14.879958,0.008750,15.781209,30.669917,0.054871,18955508.623474,0000000000000000,0
618,14.869458,0.053375,15.762542,30.685375,0.054418,18955525.305349,0000000000000000,0
619,14.863042,0.008750,15.908083,30.779875,0.054548,18955542.066557,0000000000000000,0
620,14.870916,0.051625,15.777125,30.699666,0.054971,18955558.653640,0000000000000000,0
621,14.883167,0.053375,15.847417,30.783959,0.054518,18955575.404349,0000000000000000,0
622,14.872084,0.009041,15.781792,30.662917,0.054649,18955591.950307,0000000000000000,0
623,14.886959,0.052500,15.820875,30.760334,0.054488,18955608.714724,0000000000000000,0
624,14.882875,0.008750,15.861125,30.752750,0.054619,18955625.374140,0000000000000000,0
625,14.890750,0.009333,15.762834,30.662917,0.054457,18955641.950724,0000000000000000,0
626,14.893959,0.009041,15.750875,30.653875,0.054297,18955658.608390,0000000000000000,0
627,14.869166,0.009042,15.754958,30.633166,0.054427,18955675.254390,0000000000000000,0
628,14.872083,0.009042,15.778292,30.659417,0.054849,18955691.948224,0000000000000000,0
629,14.877917,0.052792,15.755250,30.685959,0.054981,18955708.641474,0000000000000000,0
630,14.867125,0.052791,15.811834,30.731750,0.054528,18955725.353974,0000000000000000,0
631,14.886375,0.052500,15.757875,30.696750,0.054658,18955741.985974,0000000000000000,0
632,14.875583,0.053375,15.810375,30.739333,0.054789,18955758.695557,0000000000000000,0
633,14.831250,0.008459,15.783250,30.622959,0.054336,18955775.245599,0000000000000000,0
634,16.147250,0.050459,16.162416,32.360125,0.054758,18955793.649765,0000000000000000,0
635,14.853125,0.841458,16.125375,31.819958,0.055181,18955809.777182,0000000000000000,0
636,14.854292,0.301291,15.747084,30.902667,0.053853,18955825.525724,0000000000000000,0
637,14.859834,0.009041,15.766042,30.634917,0.141482,18955842.012182,0000000000000000,0
638,14.850792,0.011958,15.849750,30.712500,0.054990,18955858.670140,0000000000000000,0
639,14.862167,0.009042,15.779458,30.650667,0.055120,18955875.275307,0000000000000000,0
640,14.870916,0.009042,15.684667,30.564625,0.054084,18955891.855099,0000000000000000,0
641,14.862167,0.053667,15.792000,30.707834,0.056840,18955908.668224,0000000000000000,0
642,14.893667,0.053958,15.834292,30.781917,0.054346,18955925.406682,0000000000000000,0
643,14.870625,0.054250,15.798125,30.723000,0.055059,18955942.015057,0000000000000000,0
644,14.869750,0.053375,15.781791,30.704916,0.054315,18955958.663390,0000000000000000,0
645,14.859833,0.009333,15.821167,30.690333,0.054446,18955975.315807,0000000000000000,0
646,14.866250,0.009333,15.790250,30.665833,0.054576,18955991.958015,0000000000000000,0
647,14.868584,0.009041,15.930250,30.807875,0.054416,18956008.766765,0000000000000000,0
648,14.862458,0.052500,15.833417,30.748375,0.054838,18956025.374849,0000000000000000,0
649,14.878209,0.051916,15.819709,30.749834,0.054385,18956042.042724,0000000000000000,0
650,14.888125,0.051625,15.835167,30.774917,0.054808,18956058.734807,0000000000000000,0
651,14.863917,0.008750,15.735416,30.608083,0.054063,18956075.234390,0000000000000000,0
652,14.876750,0.050750,18.115708,33.043208,0.054485,18956094.336807,0000000000000000,0
653,14.858958,1.519000,16.182542,32.560500,0.054616,18956110.520807,0000000000000000,0
654,14.869751,1.027250,16.429875,32.326876,0.053580,18956126.953016,0000000000000000,0
655,16.342667,0.008750,16.012791,32.364208,0.058377,18956143.662307,0000000000000000,0
656,14.840875,0.864500,16.077250,31.782625,0.052675,18956159.741599,0000000000000000,0
657,14.829500,0.286417,15.777416,30.893333,0.054555,18956175.521057,0000000000000000,0
658,14.856333,0.009042,15.759625,30.625000,0.055269,18956191.920599,0000000000000000,0
659,14.858958,0.009042,15.800458,30.668458,0.054817,18956208.630182,0000000000000000,0
660,14.855166,0.051625,15.821459,30.728250,0.054072,18956225.356391,0000000000000000,0
661,14.847875,0.051042,15.827291,30.726208,0.053911,18956242.021057,0000000000000000,0
662,14.880542,0.052791,15.855584,30.788917,0.054334,18956258.750766,0000000000000000,0
663,14.873833,0.009334,15.808625,30.691792,0.054173,18956275.320641,0000000000000000,0
664,14.869750,0.009917,15.785875,30.665542,0.054303,18956291.961391,0000000000000000,0
665,14.861875,0.009333,15.789959,30.661167,0.054434,18956308.624016,0000000000000000,0
666,14.864500,0.052500,15.757875,30.674875,0.054565,18956325.304724,0000000000000000,0
667,14.860125,0.052208,15.834292,30.746625,0.054987,18956342.043766,0000000000000000,0
668,14.860125,0.052208,15.842750,30.755083,0.054243,18956358.718057,0000000000000000,0
669,14.870333,0.051917,15.853542,30.775792,0.054373,18956375.405766,0000000000000000,0
670,14.871500,0.009333,15.808333,30.689166,0.054504,18956391.986432,0000000000000000,0
671,14.864792,0.008458,15.857333,30.730583,0.054635,18956408.694557,0000000000000000,0
672,14.867416,0.009334,15.803375,30.680125,0.054765,18956425.311391,0000000000000000,0
673,14.861875,0.051917,15.815041,30.728833,0.054604,18956442.026807,0000000000000000,0
674,14.919334,0.008458,15.847708,30.775500,0.054443,18956458.740182,0000000000000000,0
675,14.872666,0.052500,15.825250,30.750416,0.054282,18956475.381807,0000000000000000,0
676,14.828625,0.053666,15.802209,30.684500,0.054704,18956491.982891,0000000000000000,0
677,14.863042,0.053083,15.838667,30.754792,0.054252,18956508.719599,0000000000000000,0
678,14.861000,0.008750,15.852667,30.722417,0.054091,18956525.354224,0000000000000000,0
679,14.858959,0.054833,15.848875,30.762667,0.054513,18956542.061474,0000000000000000,0
680,14.866250,0.052209,15.823791,30.742250,0.054644,18956558.708057,0000000000000000,0
681,14.860125,0.051333,15.774792,30.686250,0.055066,18956575.319349,0000000000000000,0
682,14.863625,0.009333,15.753792,30.626750,0.054321,18956591.925974,0000000000000000,0
683,14.858083,0.008750,15.824375,30.691208,0.054453,18956608.657432,0000000000000000,0
684,14.851666,0.009042,15.854125,30.714833,0.054875,18956625.348349,0000000000000000,0
685,14.849042,0.053375,15.801333,30.703750,0.054422,18956642.003682,0000000000000000,0
686,14.861292,0.053666,15.874834,30.789792,0.054845,18956658.757016,0000000000000000,0
687,14.878208,0.053667,15.849750,30.781625,0.054392,18956675.415266,0000000000000000,0
688,14.853125,0.051625,15.839542,30.744292,0.054814,18956692.045224,0000000000000000,0
689,14.862750,0.052208,15.876292,30.791250,0.054653,18956708.758891,0000000000000000,0
690,14.867125,0.009041,15.873084,30.749250,0.054784,18956725.383891,0000000000000000,0
691,14.858375,0.052500,15.878917,30.789792,0.054622,18956742.091141,0000000000000000,0
692,14.875875,0.054542,15.869583,30.800000,0.054462,18956758.768057,0000000000000000,0
693,14.823375,0.009333,15.830209,30.662917,0.054884,18956775.298266,0000000000000000,0
694,14.876167,0.050750,15.857333,30.784250,0.054431,18956792.086307,0000000000000000,0
695,14.877041,0.009334,15.820292,30.706667,0.054562,18956808.675433,0000000000000000,0
696,14.852250,0.009042,15.796667,30.657959,0.054401,18956825.293433,0000000000000000,0
697,14.877333,0.009334,15.865791,30.752458,0.055406,18956842.056099,0000000000000000,0
698,14.853417,0.009042,15.847708,30.710167,0.054663,18956858.679641,0000000000000000,0
699,14.861875,0.053667,15.865500,30.781042,0.054501,18956875.417516,0000000000000000,0
700,14.855750,0.008750,15.859375,30.723875,0.054340,18956892.027058,29a111b6ccb56ac5,1
701,14.845250,0.053958,15.869584,30.768792,0.054180,18956908.738683,0000000000000000,0
702,14.866542,0.009041,15.803375,30.678958,0.054602,18956925.315849,0000000000000000,0
703,14.889000,0.009333,15.849750,30.748083,0.054732,18956942.052266,0000000000000000,0
704,14.874125,0.053667,15.866375,30.794167,0.054863,18956958.765058,0000000000000000,0
705,14.839125,0.009334,15.819416,30.667875,0.054410,18956975.305474,0000000000000000,0
706,14.861583,0.053667,15.863166,30.778416,0.054249,18956992.082724,0000000000000000,0
707,14.858667,0.009333,15.845083,30.713083,0.054380,18957008.684099,0000000000000000,0
708,14.887250,0.009041,15.720834,30.617125,0.054802,18957025.255433,0000000000000000,0
709,14.868584,0.008458,15.837792,30.714834,0.054057,18957042.019558,0000000000000000,0
710,14.838250,0.053375,15.780625,30.672250,0.053897,18957058.643683,0000000000000000,0
711,14.885500,0.008750,15.835459,30.729709,0.054319,18957075.368433,0000000000000000,0
712,14.871792,0.009042,15.796083,30.676917,0.054449,18957091.982641,0000000000000000,0
713,14.895417,0.053375,15.826125,30.774917,0.054581,18957108.747641,0000000000000000,0
714,14.870625,0.052792,15.865208,30.788625,0.054711,18957125.428349,0000000000000000,0
715,14.880250,0.009042,15.848583,30.737875,0.054550,18957142.044016,0000000000000000,0
716,14.865084,0.052208,15.862875,30.780167,0.054098,18957158.753016,0000000000000000,0
717,14.871791,0.053375,15.864625,30.789791,0.054228,18957175.429349,0000000000000000,0
718,14.876750,0.009625,15.842750,30.729125,0.054942,18957192.036558,0000000000000000,0
719,14.871500,0.009041,16.035542,30.916083,0.054198,18957208.889641,0000000000000000,0
720,14.890750,0.008458,15.865208,30.764416,0.054620,18957225.404974,0000000000000000,0
721,14.869458,0.008750,15.848292,30.726500,0.054167,18957242.033766,0000000000000000,0
722,14.825708,0.053667,15.930250,30.809625,0.054590,18957258.784183,0000000000000000,0
723,14.827750,0.009041,15.822334,30.659125,0.054720,18957275.300683,0000000000000000,0
724,14.876458,0.053084,15.785875,30.715417,0.054559,18957292.023683,0000000000000000,0
725,14.823083,0.052208,15.849459,30.724750,0.054107,18957308.699433,0000000000000000,0
726,14.868292,0.009333,15.831375,30.709000,0.054529,18957325.350974,0000000000000000,0
727,14.858959,0.009333,15.838958,30.707250,0.054076,18957342.015349,0000000000000000,0
728,14.876166,0.053667,15.838083,30.767916,0.054499,18957358.743599,0000000000000000,0
729,14.850209,0.009041,15.836334,30.695584,0.054046,18957375.337683,0000000000000000,0
730,14.889584,0.053958,15.846250,30.789792,0.055051,18957392.099766,0000000000000000,0
731,14.875000,0.009333,15.853542,30.737875,0.054599,18957408.714266,0000000000000000,0
732,14.872667,0.053958,15.848292,30.774917,0.054730,18957425.418016,0000000000000000,0
733,14.871792,0.009333,15.759625,30.640750,0.054568,18957441.950849,0000000000000000,0
734,14.825417,0.052500,15.845666,30.723583,0.054116,18957458.700099,0000000000000000,0
735,14.875875,0.053083,15.883875,30.812833,0.054538,18957475.456641,0000000000000000,0
736,14.837958,0.009625,15.813583,30.661166,0.054668,18957491.971974,0000000000000000,0
737,14.844667,0.051625,15.834875,30.731167,0.054216,18957508.708391,0000000000000000,0
738,14.872083,0.008750,15.841875,30.722708,0.054055,18957525.366641,0000000000000000,0
739,14.865083,0.009042,15.750583,30.624708,0.054769,18957541.935933,0000000000000000,0
740,14.899209,0.009333,15.772458,30.681000,0.054025,18957558.658641,0000000000000000,0
741,14.858375,0.011667,15.926750,30.796792,0.054447,18957575.441725,0000000000000000,0
742,14.870625,0.052500,15.944250,30.867375,0.054286,18957592.179016,0000000000000000,0
743,14.868875,0.009333,15.828167,30.706375,0.054125,18957608.684725,0000000000000000,0
744,14.870625,0.051917,15.831958,30.754500,0.054839,18957625.400141,0000000000000000,0
745,14.876166,0.054250,15.859959,30.790375,0.054386,18957642.102725,0000000000000000,0
746,14.866250,0.009333,15.813292,30.688875,0.054517,18957658.668225,0000000000000000,0
747,14.849917,0.053375,15.781208,30.684500,0.054648,18957675.330558,0000000000000000,0
748,14.866542,0.052500,15.855875,30.774917,0.054486,18957692.087975,0000000000000000,0
749,14.886667,0.052208,15.863167,30.802042,0.053743,18957708.781225,0000000000000000,0
750,14.867708,0.009042,15.834583,30.711333,0.054165,18957725.357808,0000000000000000,0
751,14.865375,0.009041,15.871917,30.746333,0.054295,18957742.059808,0000000000000000,0
752,14.851375,0.009625,15.851500,30.712500,0.054426,18957758.692975,0000000000000000,0
753,14.868000,0.051625,15.851791,30.771416,0.054848,18957775.418891,0000000000000000,0
754,14.918167,0.052500,15.830791,30.801458,0.054395,18957792.115641,0000000000000000,0
755,14.870333,0.009334,15.783250,30.662917,0.054527,18957808.644100,0000000000000000,0
756,14.830375,0.054250,15.837208,30.721833,0.055532,18957825.370891,0000000000000000,0
757,14.875000,0.009041,15.783542,30.667583,0.054204,18957841.982183,0000000000000000,0
758,14.870333,0.009625,15.761375,30.641333,0.054335,18957858.622933,0000000000000000,0
759,14.876750,0.053958,15.861709,30.792417,0.054174,18957875.440725,0000000000000000,0
760,14.874708,0.009625,15.848875,30.733208,0.054888,18957892.048808,0000000000000000,0
761,14.879375,0.009334,15.861708,30.750417,0.054144,18957908.732433,0000000000000000,0
762,16.163584,0.053958,16.171167,32.388709,0.054274,18957927.037725,0000000000000000,0
763,14.851959,0.871500,16.103791,31.827250,0.054405,18957943.143266,0000000000000000,0
764,14.858958,0.303334,15.611750,30.774042,0.053953,18957958.756475,0000000000000000,0
765,14.869750,0.053375,15.754084,30.677209,0.054666,18957975.327225,0000000000000000,0
766,14.864500,0.054250,15.712083,30.630833,0.054505,18957991.947266,0000000000000000,0
767,14.864208,0.053084,15.817666,30.734958,0.054636,18958008.718391,0000000000000000,0
768,14.880250,0.052500,15.852667,30.785417,0.054766,18958025.435850,0000000000000000,0
769,14.883167,0.053375,15.743583,30.680125,0.054313,18958041.997266,0000000000000000,0
770,14.864791,0.052792,15.771292,30.688875,0.054445,18958058.672725,0000000000000000,0
771,14.874417,0.009042,15.889125,30.772584,0.054867,18958075.423725,0000000000000000,0
772,14.879375,0.053959,15.827875,30.761209,0.054122,18958092.078475,0000000000000000,0
773,14.872083,0.009333,15.829917,30.711333,0.054837,18958108.696183,0000000000000000,0
774,14.862458,0.053375,15.855584,30.771417,0.054384,18958125.422975,0000000000000000,0
775,14.894250,0.009042,15.822333,30.725625,0.054514,18958142.044183,0000000000000000,0
776,14.867417,0.009333,15.825250,30.702000,0.054354,18958158.687266,0000000000000000,0
777,14.915542,0.009041,15.739209,30.663792,0.054776,18958175.316350,0000000000000000,0
778,14.849625,0.053375,15.750584,30.653584,0.053739,18958191.971975,0000000000000000,0
779,14.868000,0.009333,15.803376,30.680709,0.054454,18958208.666392,0000000000000000,0
780,14.872375,0.051917,15.815333,30.739625,0.054584,18958225.392600,0000000000000000,0
781,14.866542,0.009041,15.848000,30.723583,0.053840,18958242.042683,0000000000000000,0
782,14.874125,0.053667,15.860250,30.788042,0.054554,18958258.774725,0000000000000000,0
783,14.873541,0.009334,15.874541,30.757416,0.054393,18958275.410808,0000000000000000,0
784,14.861584,0.009041,15.794334,30.664959,0.054815,18958291.985642,0000000000000000,0
785,14.873250,0.009041,15.921500,30.803791,0.053780,18958308.790308,0000000000000000,0
786,14.879083,0.052208,15.795209,30.726500,0.054785,18958325.380892,0000000000000000,0
787,14.887541,0.008459,16.148708,31.044708,0.054332,18958342.365225,0000000000000000,0
788,14.906208,0.050167,15.701000,30.657375,0.054172,18958358.644892,0000000000000000,0
789,14.864208,0.009625,15.595708,30.469541,0.054594,18958375.124058,0000000000000000,0
790,16.518250,0.051041,16.010459,32.579750,0.057932,18958393.904767,0000000000000000,0
791,14.901833,1.018500,16.249334,32.169667,0.052814,18958410.156142,0000000000000000,0
792,14.854000,0.649542,15.783250,31.286792,0.053527,18958425.941142,0000000000000000,0
793,14.898333,0.050459,15.778000,30.726792,0.270655,18958442.265142,0000000000000000,0
794,14.874417,0.008750,15.813583,30.696750,0.053789,18958458.685100,0000000000000000,0
795,14.881416,0.012250,15.759042,30.652708,0.054211,18958475.308350,0000000000000000,0
796,14.875000,0.009333,15.771292,30.655625,0.054633,18958491.978267,0000000000000000,0
797,14.875583,0.053667,15.862000,30.791250,0.054473,18958508.780892,0000000000000000,0
798,14.816959,0.009041,15.820875,30.646875,0.055186,18958525.303808,0000000000000000,0
799,14.875584,0.053375,15.821166,30.750125,0.054441,18958542.073183,0000000000000000,0
800,14.874708,0.009334,15.800458,30.684500,0.054573,18958558.674850,29a111b6ccb56ac5,1
801,14.893959,0.011083,15.717042,30.622084,0.054411,18958575.279142,0000000000000000,0
802,14.888417,0.009041,15.689042,30.586500,0.053958,18958591.909975,0000000000000000,0
803,14.879375,0.055708,15.771875,30.706958,0.054090,18958608.697433,0000000000000000,0
804,14.885791,0.052792,15.721417,30.660000,0.054512,18958625.317767,0000000000000000,0
805,14.890750,0.052792,15.803083,30.746625,0.054350,18958642.071100,0000000000000000,0
806,14.835625,0.053375,15.775667,30.664667,0.054482,18958658.655850,0000000000000000,0
807,14.872959,0.008750,15.809208,30.690917,0.054612,18958675.349100,0000000000000000,0
808,14.904750,0.008750,15.794042,30.707542,0.054451,18958692.032725,0000000000000000,0
809,14.877334,0.051916,15.847417,30.776667,0.054874,18958708.768850,0000000000000000,0
810,14.863042,0.053958,15.811833,30.728833,0.054421,18958725.387433,0000000000000000,0
811,14.865667,0.052500,15.736875,30.655042,0.054259,18958741.980350,0000000000000000,0
812,14.893667,0.053083,15.842750,30.789500,0.054682,18958758.782100,0000000000000000,0
813,14.842333,0.008167,15.824083,30.674583,0.054813,18958775.334475,0000000000000000,0
814,14.892791,0.010209,15.846541,30.749541,0.054068,18958792.075558,0000000000000000,0
815,14.904166,0.053084,15.828458,30.785708,0.054199,18958808.778725,0000000000000000,0
816,14.803833,0.008750,15.801042,30.613625,0.054330,18958825.273642,0000000000000000,0
817,14.869459,0.009333,15.810667,30.689459,0.054168,18958842.015892,0000000000000000,0
818,14.902125,0.009333,15.781500,30.692958,0.054591,18958858.686975,0000000000000000,0
819,14.892791,0.052209,15.851208,30.796208,0.053847,18958875.456350,0000000000000000,0
820,14.881416,0.008750,15.804542,30.694708,0.054269,18958892.021850,0000000000000000,0
821,14.905625,0.051916,15.909251,30.866792,0.054108,18958908.860934,0000000000000000,0
822,14.903876,0.052500,15.838375,30.794751,0.054530,18958925.456184,0000000000000000,0
823,14.901250,0.051333,15.772750,30.725333,0.053786,18958942.052892,0000000000000000,0
824,14.914667,0.063583,15.773334,30.751584,0.054209,18958958.746434,0000000000000000,0
825,14.889292,0.052500,15.669208,30.611000,0.054631,18958975.272850,0000000000000000,0
826,14.916417,0.008750,15.750000,30.675167,0.055053,18958992.004309,0000000000000000,0
827,14.898625,0.053375,15.834583,30.786583,0.054309,18959008.781850,0000000000000000,0
828,14.891625,0.009042,15.780041,30.680708,0.054439,18959025.342975,0000000000000000,0
829,14.916416,0.056875,15.796084,30.769375,0.054570,18959042.098934,0000000000000000,0
830,14.884916,0.008750,15.785584,30.679250,0.054701,18959058.675809,0000000000000000,0
831,14.904167,0.008750,15.793167,30.706084,0.054539,18959075.369059,0000000000000000,0
832,14.926916,0.009042,15.762833,30.698791,0.054086,18959092.028475,0000000000000000,0
833,14.940042,0.008166,15.652000,30.600208,0.053926,18959108.596600,0000000000000000,0
834,14.889000,0.055416,15.729292,30.673708,0.054348,18959125.337392,0000000000000000,0
835,14.927791,0.008750,15.755250,30.691791,0.054478,18959142.022475,0000000000000000,0
836,14.887833,0.009042,15.810667,30.707542,0.054318,18959158.704934,0000000000000000,0
837,14.916708,0.054250,15.801042,30.772000,0.053865,18959175.435809,0000000000000000,0
838,14.906208,0.009333,15.780334,30.695875,0.054870,18959192.027559,0000000000000000,0
839,14.922542,0.008750,15.739208,30.670500,0.054127,18959208.668017,0000000000000000,0
840,14.915541,0.055125,15.793750,30.764416,0.054257,18959225.429225,0000000000000000,0
841,14.879083,0.009042,15.797833,30.685958,0.055262,18959242.018642,0000000000000000,0
842,14.886958,0.052209,15.820583,30.759750,0.054227,18959258.758267,0000000000000000,0
843,14.890167,0.008458,15.793459,30.692084,0.054066,18959275.357309,0000000000000000,0
844,14.919625,0.053667,15.779458,30.752750,0.055363,18959292.085850,0000000000000000,0
845,14.888125,0.009041,15.790834,30.688000,0.054036,18959308.686934,0000000000000000,0
846,14.898625,0.052208,15.836333,30.787166,0.054166,18959325.453100,0000000000000000,0
847,14.849334,0.051916,15.768959,30.670209,0.054880,18959342.003434,0000000000000000,0
848,14.892209,0.052791,15.758459,30.703459,0.054136,18959358.702809,0000000000000000,0
849,14.886375,0.052500,15.761959,30.700834,0.054266,18959375.367184,0000000000000000,0
850,14.848458,0.052500,15.769542,30.670500,0.053813,18959392.003267,0000000000000000,0
851,14.862458,0.008167,15.915083,30.785708,0.053945,18959408.785767,0000000000000000,0
852,14.938000,0.055708,15.815625,30.809333,0.054367,18959425.476392,0000000000000000,0
853,14.847583,0.008750,15.705083,30.561416,0.054205,18959441.895475,0000000000000000,0
854,14.887833,0.054250,15.720542,30.662625,0.054337,18959458.663684,0000000000000000,0
855,14.888417,0.008750,15.766916,30.664083,0.054175,18959475.331850,0000000000000000,0
856,14.907375,0.009042,15.795791,30.712208,0.054306,18959492.046975,0000000000000000,0
857,14.873250,0.009042,15.790541,30.672833,0.054437,18959508.674600,0000000000000000,0
858,14.890459,0.051916,15.836625,30.779000,0.054567,18959525.447475,0000000000000000,0
859,14.908542,0.067958,15.992083,30.968583,0.054989,18959542.304350,0000000000000000,0
860,14.889292,0.009042,15.871333,30.769667,0.054537,18959558.772142,0000000000000000,0
861,14.897458,0.009042,15.813583,30.720083,0.054084,18959575.388975,0000000000000000,0
862,14.913792,0.009333,15.870167,30.793292,0.054214,18959592.129184,0000000000000000,0
863,14.842333,0.009042,15.684667,30.536042,0.054346,18959608.538934,0000000000000000,0
864,14.884333,0.009917,15.721708,30.615958,0.054768,18959625.286142,0000000000000000,0
865,14.885208,0.052209,15.768375,30.705792,0.054023,18959642.042101,0000000000000000,0
866,14.935083,0.055125,15.814459,30.804667,0.054154,18959658.807976,0000000000000000,0
867,14.894250,0.009042,15.876292,30.779584,0.055160,18959675.450476,0000000000000000,0
868,14.896583,0.009042,15.835750,30.741375,0.054415,18959692.078684,0000000000000000,0
869,14.928375,0.009042,15.797542,30.734959,0.054546,18959708.738976,0000000000000000,0
870,14.905042,0.008750,15.767500,30.681292,0.054385,18959725.352309,0000000000000000,0
871,14.914667,0.008750,15.831667,30.755084,0.054807,18959742.093101,0000000000000000,0
872,14.889291,0.008750,15.740959,30.639000,0.054647,18959758.643726,0000000000000000,0
873,14.897166,0.009042,15.814750,30.720958,0.054485,18959775.392684,0000000000000000,0
874,14.878791,0.053667,15.824958,30.757416,0.054907,18959792.096142,0000000000000000,0
875,14.900375,0.009041,15.831084,30.740500,0.054747,18959808.746226,0000000000000000,0
876,14.908542,0.009042,15.803666,30.721250,0.054294,18959825.393392,0000000000000000,0
877,14.896875,0.009625,15.939583,30.846083,0.054133,18959842.184642,0000000000000000,0
878,14.848750,0.009041,15.841584,30.699375,0.054556,18959858.705226,0000000000000000,0
879,14.924000,0.054250,15.827000,30.805250,0.054394,18959875.478101,0000000000000000,0
880,14.926625,0.009042,15.812708,30.748375,0.055108,18959892.088517,0000000000000000,0
881,14.857792,0.053667,15.757875,30.669334,0.054073,18959908.675601,0000000000000000,0
882,14.915542,0.009333,15.869875,30.794750,0.054495,18959925.468309,0000000000000000,0
883,14.892792,0.053375,15.829333,30.775500,0.054333,18959942.115767,0000000000000000,0
884,14.884917,0.009042,15.840416,30.734375,0.054756,18959958.741642,0000000000000000,0
885,14.938292,0.055125,15.846833,30.840250,0.054595,18959975.514517,0000000000000000,0
886,14.900083,0.009625,15.810667,30.720375,0.054434,18959992.061351,0000000000000000,0
887,14.896291,0.052209,15.738625,30.687125,0.053982,18960008.694226,0000000000000000,0
888,14.880833,0.009625,15.871334,30.761792,0.053820,18960025.435601,0000000000000000,0
889,14.894834,0.009916,15.803375,30.708125,0.054242,18960042.049517,0000000000000000,0
890,16.186916,0.053959,16.015125,32.256000,0.054082,18960060.264101,0000000000000000,0
891,14.858958,0.732083,16.030875,31.621916,0.054212,18960076.297017,0000000000000000,0
892,14.894833,0.063292,15.848000,30.806125,0.053468,18960092.147059,0000000000000000,0
893,14.848750,0.052208,15.754083,30.655041,0.054765,18960108.664142,0000000000000000,0
894,14.871209,0.054541,15.809209,30.734959,0.054896,18960125.411351,0000000000000000,0
895,14.868000,0.008750,15.790250,30.667000,0.055026,18960142.010101,0000000000000000,0
896,14.905042,0.053375,15.803666,30.762083,0.054866,18960158.771892,0000000000000000,0
897,14.884333,0.053958,15.853250,30.791541,0.054413,18960175.467767,0000000000000000,0
898,14.849625,0.052208,15.829042,30.730875,0.054251,18960192.074101,0000000000000000,0
899,14.885209,0.008750,15.817666,30.711625,0.054091,18960208.721267,0000000000000000,0
900,14.881417,0.008750,15.803958,30.694125,0.054221,18960225.371059,29a111b6ccb56ac5,1
901,14.917000,0.010208,15.829625,30.756833,0.054060,18960242.100184,0000000000000000,0
902,14.883167,0.009333,15.842750,30.735250,0.054191,18960258.745892,0000000000000000,0
903,14.896875,0.052500,15.844791,30.794166,0.054322,18960275.471517,0000000000000000,0
904,14.874708,0.009334,15.805416,30.689458,0.053869,18960292.033517,0000000000000000,0
905,14.875584,0.052208,15.902834,30.830626,0.054875,18960308.842268,0000000000000000,0
906,14.873250,0.052209,15.827583,30.753042,0.054130,18960325.431101,0000000000000000,0
907,14.898625,0.009042,15.836916,30.744583,0.053969,18960342.089059,0000000000000000,0
908,14.886667,0.053958,15.806583,30.747208,0.053809,18960358.758684,0000000000000000,0
909,14.887250,0.008750,15.817959,30.713959,0.054522,18960375.393018,0000000000000000,0
910,14.911166,0.064167,15.814458,30.789791,0.054653,18960392.135559,0000000000000000,0
911,14.870625,0.053667,15.845958,30.770250,0.055076,18960408.783309,0000000000000000,0
912,14.879958,0.052500,15.831375,30.763833,0.054331,18960425.443309,0000000000000000,0
913,14.889292,0.009041,15.844792,30.743125,0.054461,18960442.089601,0000000000000000,0
914,14.842042,0.051916,15.801042,30.695000,0.054593,18960458.708476,0000000000000000,0
915,14.854292,0.009333,15.869583,30.733208,0.054140,18960475.412809,0000000000000000,0
916,14.880834,0.009333,15.863750,30.753917,0.054853,18960492.101101,0000000000000000,0
917,14.896584,0.052500,15.851208,30.800292,0.053818,18960508.813601,0000000000000000,0
918,14.872375,0.009042,15.836333,30.717750,0.053948,18960525.398059,0000000000000000,0
919,14.902708,0.009042,15.780041,30.691791,0.054079,18960542.038809,0000000000000000,0
920,14.870042,0.053083,15.758167,30.681292,0.054502,18960558.695893,0000000000000000,0
921,14.907667,0.068542,15.816791,30.793000,0.054632,18960575.474309,0000000000000000,0
922,14.875292,0.053666,15.926167,30.855125,0.054762,18960592.203726,0000000000000000,0
923,14.928959,0.008750,15.771000,30.708709,0.054602,18960608.724018,0000000000000000,0
924,14.894541,0.009334,15.546416,30.450291,0.054732,18960625.132309,0000000000000000,0
925,16.331583,0.051042,15.960291,32.342916,0.058946,18960643.696309,0000000000000000,0
926,14.888416,0.796542,16.031750,31.716708,0.052369,18960659.730101,0000000000000000,0
927,14.867125,0.183167,15.707125,30.757417,0.053666,18960675.438976,0000000000000000,0
928,14.880250,0.008750,15.767500,30.656500,0.054963,18960692.006226,0000000000000000,0
929,14.893375,0.051625,15.809208,30.754208,0.054802,18960708.770934,0000000000000000,0
930,14.931583,0.053084,15.700416,30.685083,0.054349,18960725.367934,0000000000000000,0
931,14.848166,0.009334,15.738041,30.595541,0.054480,18960741.945684,0000000000000000,0
932,14.898916,0.051042,15.791417,30.741375,0.054611,18960758.758518,0000000000000000,0
933,14.913208,0.063000,15.995875,30.972083,0.054450,18960775.655934,0000000000000000,0
934,14.894542,0.050750,15.750291,30.695583,0.054872,18960792.046434,0000000000000000,0
935,14.887833,0.051917,16.036125,30.975875,0.054128,18960808.993143,0000000000000000,0
936,14.930125,0.009042,15.860541,30.799708,0.055133,18960825.484559,0000000000000000,0
937,14.931291,0.009042,15.850625,30.790958,0.053805,18960842.141351,0000000000000000,0
938,14.891917,0.008750,15.779458,30.680125,0.054228,18960858.697809,0000000000000000,0
939,14.948208,0.053959,15.951250,30.953417,0.054359,18960875.638393,0000000000000000,0
940,14.874709,0.051041,15.843042,30.768792,0.054489,18960892.120476,0000000000000000,0
941,14.884917,0.009333,15.962625,30.856875,0.054329,18960908.875559,0000000000000000,0
942,14.922542,0.057166,16.021834,31.001542,0.054167,18960925.686643,0000000000000000,0
943,14.915834,0.009333,15.845958,30.771125,0.054881,18960942.123809,0000000000000000,0
944,14.903584,0.008750,16.011625,30.923959,0.054137,18960958.942768,0000000000000000,0
945,14.902708,0.051917,16.032041,30.986666,0.054559,18960975.673059,0000000000000000,0
946,14.886667,0.009625,15.923541,30.819833,0.054398,18960992.172934,0000000000000000,0
947,14.896875,0.051333,15.869875,30.818083,0.054238,18961008.837601,0000000000000000,0
948,14.901250,0.009042,15.781208,30.691500,0.054951,18961025.378601,0000000000000000,0
949,14.898334,0.052791,15.845667,30.796792,0.053915,18961042.150018,0000000000000000,0
950,14.891041,0.009334,15.799291,30.699666,0.054921,18961058.720476,0000000000000000,0
951,14.883750,0.053666,15.723459,30.660875,0.054177,18961075.347810,0000000000000000,0
952,14.855167,0.052208,15.698083,30.605458,0.054890,18961091.959976,0000000000000000,0
953,14.853417,0.051916,15.794625,30.699958,0.054730,18961108.721476,0000000000000000,0
954,14.824834,0.055125,15.667166,30.547125,0.054568,18961125.235351,0000000000000000,0
955,15.007417,0.060375,15.819417,30.887209,0.054699,18961142.242435,0000000000000000,0
956,14.894833,0.008459,15.835458,30.738750,0.055122,18961158.761268,0000000000000000,0
957,14.896875,0.008166,15.775667,30.680708,0.053794,18961175.368768,0000000000000000,0
958,14.901250,0.054250,15.791125,30.746625,0.054799,18961192.102560,0000000000000000,0
959,14.880833,0.052208,15.792875,30.725916,0.054055,18961208.747976,0000000000000000,0
960,14.894542,0.052500,15.842458,30.789500,0.054769,18961225.479143,0000000000000000,0
961,14.879375,0.052500,15.841875,30.773750,0.054608,18961242.129810,0000000000000000,0
962,14.881708,0.052208,15.802209,30.736125,0.054739,18961258.759185,0000000000000000,0
963,14.899792,0.009042,16.179333,31.088167,0.053994,18961275.777643,0000000000000000,0
964,14.884625,0.008459,15.787625,30.680709,0.054416,18961292.037185,0000000000000000,0
965,14.882584,0.008750,15.737458,30.628792,0.054256,18961308.652268,0000000000000000,0
966,14.891041,0.009042,15.829625,30.729708,0.054970,18961325.420768,0000000000000000,0
967,14.921667,0.008458,15.810083,30.740208,0.054808,18961342.097976,0000000000000000,0
968,14.906208,0.063875,15.844500,30.814583,0.054356,18961358.838768,0000000000000000,0
969,14.878500,0.009041,15.797834,30.685375,0.054778,18961375.376560,0000000000000000,0
970,14.907959,0.068250,15.774791,30.751000,0.054325,18961392.108601,0000000000000000,0
971,14.907375,0.072333,15.800750,30.780458,0.054457,18961408.805351,0000000000000000,0
972,14.878500,0.052791,15.831959,30.763250,0.055170,18961425.455435,0000000000000000,0
973,14.880250,0.008750,15.803083,30.692083,0.054426,18961442.050393,0000000000000000,0
974,14.885500,0.053958,16.006083,30.945541,0.055432,18961458.971726,0000000000000000,0
975,14.884042,0.008750,15.743292,30.636084,0.054687,18961475.328685,0000000000000000,0
976,14.923417,0.012250,15.833417,30.769084,0.054818,18961492.128685,0000000000000000,0
977,14.904459,0.052791,15.826709,30.783959,0.055824,18961508.811435,0000000000000000,0
978,14.902416,0.052792,15.777125,30.732333,0.054204,18961525.424768,0000000000000000,0
979,14.887250,0.052209,15.792875,30.732334,0.056960,18961542.094685,0000000000000000,0
980,14.894250,0.052792,15.813583,30.760625,0.054174,18961558.786768,0000000000000000,0
981,14.885500,0.008750,15.785291,30.679541,0.055471,18961575.373851,0000000000000000,0
982,14.879084,0.051333,15.803958,30.734375,0.055018,18961592.095101,0000000000000000,0
983,14.889292,0.053375,15.822333,30.765000,0.055150,18961608.792726,0000000000000000,0
984,14.878500,0.053084,15.796375,30.727959,0.054988,18961625.422685,0000000000000000,0
985,14.892500,0.053083,15.814167,30.759750,0.054827,18961642.121185,0000000000000000,0
986,14.879958,0.053084,15.828458,30.761500,0.054083,18961658.788768,0000000000000000,0
987,14.870917,0.009333,15.808042,30.688292,0.054797,18961675.383435,0000000000000000,0
988,14.891917,0.008750,15.874250,30.774917,0.054635,18961692.136768,0000000000000000,0
989,14.876459,0.052500,15.830500,30.759459,0.054767,18961708.788310,0000000000000000,0
990,14.873250,0.009333,15.773625,30.656208,0.054897,18961725.351768,0000000000000000,0
991,14.913500,0.059500,15.898750,30.871750,0.054444,18961742.233727,0000000000000000,0
992,14.867416,0.051625,15.845375,30.764416,0.054284,18961758.793393,0000000000000000,0
993,14.900375,0.009041,15.805125,30.714541,0.054706,18961775.410518,0000000000000000,0
994,14.902417,0.008750,15.802208,30.713375,0.054836,18961792.076643,0000000000000000,0
995,14.872375,0.052209,15.809791,30.734375,0.054092,18961808.763768,0000000000000000,0
996,14.877042,0.052500,15.833416,30.762958,0.054514,18961825.459643,0000000000000000,0
997,14.886375,0.009042,15.803083,30.698500,0.054061,18961842.061310,0000000000000000,0
998,14.894250,0.009333,15.786458,30.690041,0.054193,18961858.720143,0000000000000000,0
999,14.874417,0.053666,15.004792,29.932875,0.054031,18961874.629685,29a111b6ccb56ac5,1
