frame,encode_ms,queue_ms,decode_assemble_ms,latency_ms,schedule_late_ms,complete_ms,checksum
0,14.651292,0.093625,16.011042,30.755959,0.053006,18091962.150562,29a111b6ccb56ac5
1,14.887541,0.196584,16.654458,31.738583,0.055470,18091979.802520,29a111b6ccb56ac5
2,15.224125,0.854000,16.983167,33.061292,0.055018,18091997.791062,29a111b6ccb56ac5
3,15.144792,2.257208,16.917833,34.319833,0.055731,18092015.717478,29a111b6ccb56ac5
4,15.137500,2.825375,16.823041,34.785916,0.792603,18092033.587603,29a111b6ccb56ac5
5,15.102500,2.725333,16.954875,34.782708,2.090343,18092051.549020,29a111b6ccb56ac5
6,15.116500,2.855416,16.930667,34.902583,3.253626,18092069.498770,29a111b6ccb56ac5
7,15.219166,2.716584,17.097792,35.033542,4.560699,18092087.603979,29a111b6ccb56ac5
8,15.122625,2.983459,16.917250,35.023334,5.832190,18092105.531854,29a111b6ccb56ac5
9,15.126125,2.814291,16.871750,34.812166,7.272844,18092123.428520,29a111b6ccb56ac5
10,15.150917,2.725042,16.946416,34.822375,8.548417,18092141.380895,29a111b6ccb56ac5
11,15.162583,2.792709,16.929208,34.884500,9.759534,18092159.321312,29a111b6ccb56ac5
12,15.077125,2.854250,17.021959,34.953334,11.050274,18092177.347479,29a111b6ccb56ac5
13,15.201958,2.822167,16.830333,34.854458,12.316514,18092195.182020,29a111b6ccb56ac5
14,15.132541,2.734375,16.891292,34.758208,13.675795,18092213.111937,29a111b6ccb56ac5
15,15.125250,2.767625,17.052875,34.945750,14.877869,18092231.168437,29a111b6ccb56ac5
16,15.185625,2.867375,16.863000,34.916000,16.105901,18092249.033604,29a111b6ccb56ac5
17,15.182125,2.709292,16.942333,34.833750,17.493474,18092267.005812,29a111b6ccb56ac5
18,15.087042,2.862708,16.956334,34.906084,18.719173,18092284.970729,29a111b6ccb56ac5
19,15.181250,2.811958,16.946417,34.939625,20.004079,18092302.956062,29a111b6ccb56ac5
20,15.105416,2.845209,17.047916,34.998541,21.332736,18092321.010520,29a111b6ccb56ac5
21,15.248917,2.806417,16.843458,34.898792,22.618809,18092338.863437,29a111b6ccb56ac5
22,15.129042,2.752166,16.979667,34.860875,24.009297,18092356.883187,29a111b6ccb56ac5
23,15.208375,2.778125,16.915792,34.902292,25.225664,18092374.807562,29a111b6ccb56ac5
24,15.137208,2.783084,17.007375,34.927667,26.547028,18092392.821479,29a111b6ccb56ac5
25,15.214791,2.801750,16.809625,34.826166,27.803060,18092410.642895,29a111b6ccb56ac5
26,15.117958,2.697625,16.810792,34.626375,29.155341,18092428.461979,29a111b6ccb56ac5
27,15.117667,2.738167,16.908791,34.764625,30.306083,18092446.418145,29a111b6ccb56ac5
28,15.154709,2.760333,16.989000,34.904042,31.497365,18092464.415437,29a111b6ccb56ac5
29,15.132833,2.860958,16.993375,34.987166,32.747565,18092482.415645,29a111b6ccb56ac5
30,15.248625,2.769375,17.144458,35.162458,34.075637,18092500.586187,29a111b6ccb56ac5
31,15.185042,2.965958,16.881667,35.032667,35.428793,18092518.476437,29a111b6ccb56ac5
32,15.156458,2.744000,16.913167,34.813625,36.915239,18092536.410729,29a111b6ccb56ac5
33,15.112417,2.802917,16.980250,34.895584,38.151438,18092554.395479,29a111b6ccb56ac5
34,15.164334,2.816625,16.958083,34.939042,39.401928,18092572.356312,29a111b6ccb56ac5
35,15.178042,2.799417,16.912000,34.889459,40.717752,18092590.289729,29a111b6ccb56ac5
36,15.208666,2.709292,16.893333,34.811291,42.030366,18092608.190770,29a111b6ccb56ac5
37,15.119417,2.794458,16.986375,34.900250,43.283481,18092626.200020,29a111b6ccb56ac5
38,15.247750,2.741666,17.045292,35.034708,44.532806,18092644.250687,29a111b6ccb56ac5
39,15.226166,2.822750,16.948167,34.997083,45.857670,18092662.204812,29a111b6ccb56ac5
40,15.129625,2.840833,16.941167,34.911625,47.242033,18092680.170604,29a111b6ccb56ac5
41,15.140708,2.809334,16.917833,34.867875,48.547649,18092698.099062,29a111b6ccb56ac5
42,15.139833,2.785125,16.963917,34.888875,49.833138,18092716.072437,29a111b6ccb56ac5
43,15.130792,2.837041,16.944959,34.912792,51.092962,18092734.023354,29a111b6ccb56ac5
44,15.200208,2.752458,16.833542,34.786208,52.396244,18092751.866937,29a111b6ccb56ac5
45,15.162875,2.690334,17.001250,34.854459,53.683775,18092769.889604,29a111b6ccb56ac5
46,15.170750,2.834708,16.997751,35.003209,54.872433,18092787.893896,29a111b6ccb56ac5
47,15.121167,2.881958,16.990167,34.993292,56.213048,18092805.891479,29a111b6ccb56ac5
48,15.097250,2.923958,16.972959,34.994167,57.551328,18092823.897521,29a111b6ccb56ac5
49,15.155000,2.822750,16.804375,34.782125,58.907692,18092841.708729,29a111b6ccb56ac5
50,15.201667,2.635500,16.918417,34.755584,60.221183,18092859.662271,29a111b6ccb56ac5
51,15.190875,2.733208,17.018167,34.942250,61.393215,18092877.688146,29a111b6ccb56ac5
52,15.136042,2.889250,16.879333,34.904625,62.653039,18092895.577229,29a111b6ccb56ac5
53,15.211000,2.684208,17.001250,34.896458,64.013778,18092913.596687,29a111b6ccb56ac5
54,15.191167,2.816333,17.072708,35.080208,65.244144,18092931.677687,29a111b6ccb56ac5
55,15.236375,2.850750,16.997750,35.084875,66.587091,18092949.692187,29a111b6ccb56ac5
56,15.111542,2.886916,17.049959,35.048417,68.009372,18092967.744896,29a111b6ccb56ac5
57,15.119417,2.939125,16.991333,35.049875,69.342694,18092985.746562,29a111b6ccb56ac5
58,15.218292,2.800292,17.013208,35.031792,70.736683,18093003.789354,29a111b6ccb56ac5
59,15.288000,2.731459,16.921041,34.940500,72.090714,18093021.718687,29a111b6ccb56ac5
60,15.206625,2.739041,17.082625,35.028291,73.445036,18093039.827687,29a111b6ccb56ac5
61,15.210125,2.873208,17.013500,35.096833,74.725859,18093057.844229,29a111b6ccb56ac5
62,15.249500,2.772000,16.979375,35.000875,76.144932,18093075.834229,29a111b6ccb56ac5
63,15.267000,2.730584,17.033916,35.031500,77.502171,18093093.888687,29a111b6ccb56ac5
64,15.232000,2.809916,16.819834,34.861750,78.834326,18093111.718271,29a111b6ccb56ac5
65,15.118541,2.735250,16.914042,34.767833,80.211691,18093129.668604,29a111b6ccb56ac5
66,15.253584,2.661458,17.091375,35.006417,81.399765,18093147.761854,29a111b6ccb56ac5
67,15.109792,2.984333,16.959250,35.053375,82.649964,18093165.726187,29a111b6ccb56ac5
68,15.119125,2.866792,17.004166,34.990083,84.079244,18093183.759062,29a111b6ccb56ac5
69,15.113000,2.897417,16.969458,34.979875,85.400317,18093201.736812,29a111b6ccb56ac5
70,15.215083,2.774042,17.003000,34.992125,86.746181,18093219.761521,29a111b6ccb56ac5
71,15.181834,2.821875,17.005916,35.009625,88.070171,18093237.770187,29a111b6ccb56ac5
72,15.223834,2.787166,16.914917,34.925917,89.409327,18093255.692229,29a111b6ccb56ac5
73,15.260292,2.685083,16.985792,34.931167,90.755191,18093273.710229,29a111b6ccb56ac5
74,15.145375,2.845500,17.044708,35.035583,92.035431,18093291.762062,29a111b6ccb56ac5
75,15.104834,2.975291,17.063375,35.143500,93.361754,18093309.863187,29a111b6ccb56ac5
76,15.325917,2.739625,17.088166,35.153708,94.777034,18093327.955562,29a111b6ccb56ac5
77,15.157625,2.935917,16.866500,34.960042,96.177731,18093345.829479,29a111b6ccb56ac5
78,15.175708,2.720375,17.043834,34.939917,97.606428,18093363.904646,29a111b6ccb56ac5
79,15.355958,2.696167,16.933291,34.985416,98.837085,18093381.847687,29a111b6ccb56ac5
80,15.135458,2.828000,17.091958,35.055416,100.224074,18093399.971562,29a111b6ccb56ac5
81,15.101917,2.993666,16.984625,35.080208,101.522397,18093417.961562,29a111b6ccb56ac5
82,15.244542,2.747500,16.734958,34.727000,102.953427,18093435.706562,29a111b6ccb56ac5
83,15.173958,2.576583,17.078542,34.829083,104.280917,18093453.802729,29a111b6ccb56ac5
84,15.132833,2.952542,17.037708,35.123083,105.366326,18093471.849312,29a111b6ccb56ac5
85,15.200500,2.853667,16.967709,35.021876,106.787147,18093489.835813,29a111b6ccb56ac5
86,15.152083,2.817209,16.906458,34.875750,108.176470,18093507.745896,29a111b6ccb56ac5
87,15.171625,2.739041,16.881667,34.792333,109.481501,18093525.634396,29a111b6ccb56ac5
88,15.168417,2.737583,16.949625,34.855625,110.727033,18093543.610104,29a111b6ccb56ac5
89,15.138667,2.819833,16.959542,34.918042,111.968191,18093561.580271,29a111b6ccb56ac5
90,15.154708,2.842000,16.986667,34.983375,113.261555,18093579.606146,29a111b6ccb56ac5
91,15.227917,2.765000,16.868833,34.861750,114.592544,18093597.482396,29a111b6ccb56ac5
92,15.096667,2.779875,17.068333,34.944875,115.920909,18093615.560771,29a111b6ccb56ac5
93,15.260583,2.825959,17.001541,35.088083,117.133192,18093633.582854,29a111b6ccb56ac5
94,15.144500,2.863583,17.031000,35.039083,118.554305,18093651.622146,29a111b6ccb56ac5
95,15.322708,2.739042,16.950500,35.012250,119.897836,18093669.605438,29a111b6ccb56ac5
96,15.113292,2.842292,17.004458,34.960042,121.294450,18093687.617021,29a111b6ccb56ac5
97,15.097250,2.909375,16.934750,34.941375,122.585189,18093705.555979,29a111b6ccb56ac5
98,15.154416,2.803209,17.095750,35.053375,123.927263,18093723.676938,29a111b6ccb56ac5
99,15.208375,2.895667,15.959708,34.063750,125.220044,18093740.646979,29a111b6ccb56ac5
